{
"meta":{"test_sets":[],"test_metrics":[],"learn_metrics":[{"best_value":"Min","name":"MultiClass"}],"launch_mode":"Train","parameters":"","iteration_count":1000,"learn_sets":["learn"],"name":"experiment"},
"iterations":[
{"learn":[1.341350015],"iteration":0,"passed_time":0.02446518955,"remaining_time":24.44072436},
{"learn":[1.106544212],"iteration":1,"passed_time":0.04560693282,"remaining_time":22.75785947},
{"learn":[0.9782625479],"iteration":2,"passed_time":0.06309478286,"remaining_time":20.9684995},
{"learn":[0.8679805005],"iteration":3,"passed_time":0.08073054432,"remaining_time":20.10190554},
{"learn":[0.8146913625],"iteration":4,"passed_time":0.1006703151,"remaining_time":20.0333927},
{"learn":[0.7703546529],"iteration":5,"passed_time":0.1244854433,"remaining_time":20.62308844},
{"learn":[0.7360676855],"iteration":6,"passed_time":0.1439414405,"remaining_time":20.41912149},
{"learn":[0.7052412069],"iteration":7,"passed_time":0.1619162466,"remaining_time":20.07761458},
{"learn":[0.6837995442],"iteration":8,"passed_time":0.178175377,"remaining_time":19.61908873},
{"learn":[0.6531011071],"iteration":9,"passed_time":0.1959728719,"remaining_time":19.40131432},
{"learn":[0.633054781],"iteration":10,"passed_time":0.2134630608,"remaining_time":19.19226974},
{"learn":[0.6185425769],"iteration":11,"passed_time":0.2312158966,"remaining_time":19.03677549},
{"learn":[0.6092846603],"iteration":12,"passed_time":0.2465039015,"remaining_time":18.71533468},
{"learn":[0.5965302784],"iteration":13,"passed_time":0.2632412235,"remaining_time":18.53970331},
{"learn":[0.5823135772],"iteration":14,"passed_time":0.2790186312,"remaining_time":18.32222345},
{"learn":[0.563509279],"iteration":15,"passed_time":0.2940690443,"remaining_time":18.08524623},
{"learn":[0.5537799174],"iteration":16,"passed_time":0.3098008892,"remaining_time":17.91378083},
{"learn":[0.5454916543],"iteration":17,"passed_time":0.3247178386,"remaining_time":17.71516208},
{"learn":[0.5338852239],"iteration":18,"passed_time":0.3403250953,"remaining_time":17.57152203},
{"learn":[0.5295332845],"iteration":19,"passed_time":0.355387858,"remaining_time":17.41400504},
{"learn":[0.5220974253],"iteration":20,"passed_time":0.374578839,"remaining_time":17.46250873},
{"learn":[0.513830602],"iteration":21,"passed_time":0.3942209145,"remaining_time":17.52491156},
{"learn":[0.5063369733],"iteration":22,"passed_time":0.4116999962,"remaining_time":17.48829984},
{"learn":[0.4983115205],"iteration":23,"passed_time":0.430790611,"remaining_time":17.51881818},
{"learn":[0.4899767313],"iteration":24,"passed_time":0.450099521,"remaining_time":17.55388132},
{"learn":[0.4825891973],"iteration":25,"passed_time":0.4679937931,"remaining_time":17.53176748},
{"learn":[0.4773244912],"iteration":26,"passed_time":0.4841298162,"remaining_time":17.44660412},
{"learn":[0.4726060551],"iteration":27,"passed_time":0.5000956695,"remaining_time":17.36046396},
{"learn":[0.4689991953],"iteration":28,"passed_time":0.5157888615,"remaining_time":17.27003395},
{"learn":[0.4669030376],"iteration":29,"passed_time":0.530351955,"remaining_time":17.14804654},
{"learn":[0.4601131724],"iteration":30,"passed_time":0.5451332251,"remaining_time":17.03980952},
{"learn":[0.4533542247],"iteration":31,"passed_time":0.5616974127,"remaining_time":16.99134673},
{"learn":[0.4501160395],"iteration":32,"passed_time":0.580378785,"remaining_time":17.00685712},
{"learn":[0.4454997905],"iteration":33,"passed_time":0.5982418996,"remaining_time":16.99710809},
{"learn":[0.4407611358],"iteration":34,"passed_time":0.6164826851,"remaining_time":16.99730832},
{"learn":[0.4389892235],"iteration":35,"passed_time":0.6326527034,"remaining_time":16.9410335},
{"learn":[0.4348737743],"iteration":36,"passed_time":0.6496921536,"remaining_time":16.90955524},
{"learn":[0.4312749891],"iteration":37,"passed_time":0.6679550957,"remaining_time":16.90981058},
{"learn":[0.4277317457],"iteration":38,"passed_time":0.6860066598,"remaining_time":16.9039077},
{"learn":[0.4257679644],"iteration":39,"passed_time":0.7011284737,"remaining_time":16.82708337},
{"learn":[0.4201312537],"iteration":40,"passed_time":0.7189274262,"remaining_time":16.81588785},
{"learn":[0.4173413509],"iteration":41,"passed_time":0.7365289979,"remaining_time":16.79987571},
{"learn":[0.4131724444],"iteration":42,"passed_time":0.7548280271,"remaining_time":16.79931214},
{"learn":[0.4104848074],"iteration":43,"passed_time":0.7720518657,"remaining_time":16.77458145},
{"learn":[0.4089641277],"iteration":44,"passed_time":0.7886648264,"remaining_time":16.73722021},
{"learn":[0.4060669582],"iteration":45,"passed_time":0.8062184052,"remaining_time":16.72026866},
{"learn":[0.4038152119],"iteration":46,"passed_time":0.8235971029,"remaining_time":16.69974551},
{"learn":[0.4009660978],"iteration":47,"passed_time":0.8418853703,"remaining_time":16.69739318},
{"learn":[0.3991785592],"iteration":48,"passed_time":0.8601178467,"remaining_time":16.6933076},
{"learn":[0.3954027663],"iteration":49,"passed_time":0.8777412764,"remaining_time":16.67708425},
{"learn":[0.393794316],"iteration":50,"passed_time":0.8927436616,"remaining_time":16.61203402},
{"learn":[0.3929356583],"iteration":51,"passed_time":0.9066150368,"remaining_time":16.52828952},
{"learn":[0.3878844643],"iteration":52,"passed_time":0.9221922962,"remaining_time":16.47766235},
{"learn":[0.3840458929],"iteration":53,"passed_time":0.9377860456,"remaining_time":16.42862221},
{"learn":[0.3803392131],"iteration":54,"passed_time":0.9553448922,"remaining_time":16.41456224},
{"learn":[0.3787896793],"iteration":55,"passed_time":0.9715048359,"remaining_time":16.37679581},
{"learn":[0.3768708698],"iteration":56,"passed_time":0.9864123034,"remaining_time":16.3190667},
{"learn":[0.3714319978],"iteration":57,"passed_time":1.003641196,"remaining_time":16.30051736},
{"learn":[0.3699914458],"iteration":58,"passed_time":1.020184473,"remaining_time":16.27107779},
{"learn":[0.3684706051],"iteration":59,"passed_time":1.035168955,"remaining_time":16.21764696},
{"learn":[0.3673441421],"iteration":60,"passed_time":1.051508027,"remaining_time":16.18632848},
{"learn":[0.3654183776],"iteration":61,"passed_time":1.069189315,"remaining_time":16.17579963},
{"learn":[0.363485129],"iteration":62,"passed_time":1.086437845,"remaining_time":16.15860731},
{"learn":[0.3627588448],"iteration":63,"passed_time":1.102460296,"remaining_time":16.12348182},
{"learn":[0.3614083842],"iteration":64,"passed_time":1.120040881,"remaining_time":16.11135728},
{"learn":[0.3596064872],"iteration":65,"passed_time":1.136666109,"remaining_time":16.08554766},
{"learn":[0.3583729365],"iteration":66,"passed_time":1.153534,"remaining_time":16.06339138},
{"learn":[0.3568057361],"iteration":67,"passed_time":1.171067528,"remaining_time":16.05051377},
{"learn":[0.3551891645],"iteration":68,"passed_time":1.188684868,"remaining_time":16.03863206},
{"learn":[0.3528750259],"iteration":69,"passed_time":1.206055895,"remaining_time":16.02331404},
{"learn":[0.3511500349],"iteration":70,"passed_time":1.221202487,"remaining_time":15.97883255},
{"learn":[0.3484267596],"iteration":71,"passed_time":1.235866392,"remaining_time":15.92894461},
{"learn":[0.3470061719],"iteration":72,"passed_time":1.250530063,"remaining_time":15.88001875},
{"learn":[0.3455735395],"iteration":73,"passed_time":1.266183988,"remaining_time":15.84441044},
{"learn":[0.3443997837],"iteration":74,"passed_time":1.281462731,"remaining_time":15.80470701},
{"learn":[0.3429306022],"iteration":75,"passed_time":1.306111236,"remaining_time":15.87956292},
{"learn":[0.3411740245],"iteration":76,"passed_time":1.325929053,"remaining_time":15.89392878},
{"learn":[0.3386246901],"iteration":77,"passed_time":1.341412157,"remaining_time":15.8561796},
{"learn":[0.3361935018],"iteration":78,"passed_time":1.35761853,"remaining_time":15.82742616},
{"learn":[0.3343399661],"iteration":79,"passed_time":1.373155017,"remaining_time":15.7912827},
{"learn":[0.33338901],"iteration":80,"passed_time":1.389331242,"remaining_time":15.76290632},
{"learn":[0.332086219],"iteration":81,"passed_time":1.40524931,"remaining_time":15.7319374},
{"learn":[0.3292008362],"iteration":82,"passed_time":1.424165466,"remaining_time":15.73445461},
{"learn":[0.3277841579],"iteration":83,"passed_time":1.441652565,"remaining_time":15.72087797},
{"learn":[0.3265853864],"iteration":84,"passed_time":1.459696686,"remaining_time":15.7132055},
{"learn":[0.326111443],"iteration":85,"passed_time":1.475297135,"remaining_time":15.67932072},
{"learn":[0.3246097584],"iteration":86,"passed_time":1.492165548,"remaining_time":15.65916259},
{"learn":[0.321828311],"iteration":87,"passed_time":1.513444314,"remaining_time":15.68478653},
{"learn":[0.3206644465],"iteration":88,"passed_time":1.531026999,"remaining_time":15.67152355},
{"learn":[0.3197640763],"iteration":89,"passed_time":1.547668612,"remaining_time":15.64864929},
{"learn":[0.3172183941],"iteration":90,"passed_time":1.563901006,"remaining_time":15.62182433},
{"learn":[0.3158152074],"iteration":91,"passed_time":1.579315222,"remaining_time":15.58715458},
{"learn":[0.3138423616],"iteration":92,"passed_time":1.59668046,"remaining_time":15.57192664},
{"learn":[0.3125842977],"iteration":93,"passed_time":1.612611652,"remaining_time":15.54283146},
{"learn":[0.312004622],"iteration":94,"passed_time":1.6283262,"remaining_time":15.51194959},
{"learn":[0.3113069513],"iteration":95,"passed_time":1.644219699,"remaining_time":15.48306883},
{"learn":[0.3099572038],"iteration":96,"passed_time":1.659824818,"remaining_time":15.45177125},
{"learn":[0.3087707795],"iteration":97,"passed_time":1.676962586,"remaining_time":15.43490053},
{"learn":[0.3079493866],"iteration":98,"passed_time":1.696368339,"remaining_time":15.43866539},
{"learn":[0.3066121321],"iteration":99,"passed_time":1.714792165,"remaining_time":15.43312948},
{"learn":[0.3050451744],"iteration":100,"passed_time":1.730927863,"remaining_time":15.40697177},
{"learn":[0.3030516585],"iteration":101,"passed_time":1.749791374,"remaining_time":15.40502602},
{"learn":[0.3013315552],"iteration":102,"passed_time":1.766935586,"remaining_time":15.38777884},
{"learn":[0.300847582],"iteration":103,"passed_time":1.785186599,"remaining_time":15.38006916},
{"learn":[0.3002083265],"iteration":104,"passed_time":1.802398867,"remaining_time":15.36330462},
{"learn":[0.2980452551],"iteration":105,"passed_time":1.820676785,"remaining_time":15.3555193},
{"learn":[0.2971867842],"iteration":106,"passed_time":1.836209508,"remaining_time":15.32462701},
{"learn":[0.2963826713],"iteration":107,"passed_time":1.854108108,"remaining_time":15.31355956},
{"learn":[0.2958470449],"iteration":108,"passed_time":1.870728232,"remaining_time":15.2919161},
{"learn":[0.2940522498],"iteration":109,"passed_time":1.885847878,"remaining_time":15.25822374},
{"learn":[0.2931023688],"iteration":110,"passed_time":1.902085657,"remaining_time":15.23382116},
{"learn":[0.291759073],"iteration":111,"passed_time":1.91960451,"remaining_time":15.21972147},
{"learn":[0.2903933611],"iteration":112,"passed_time":1.934657326,"remaining_time":15.18620397},
{"learn":[0.2899495286],"iteration":113,"passed_time":1.952279684,"remaining_time":15.1729807},
{"learn":[0.2885989445],"iteration":114,"passed_time":1.967586613,"remaining_time":15.1418622},
{"learn":[0.2878175067],"iteration":115,"passed_time":1.982326542,"remaining_time":15.10669537},
{"learn":[0.2871768402],"iteration":116,"passed_time":2.000525791,"remaining_time":15.09798524},
{"learn":[0.2862584073],"iteration":117,"passed_time":2.017308925,"remaining_time":15.07852942},
{"learn":[0.2851214982],"iteration":118,"passed_time":2.033318946,"remaining_time":15.05339489},
{"learn":[0.2843788992],"iteration":119,"passed_time":2.051258501,"remaining_time":15.04256234},
{"learn":[0.2833920049],"iteration":120,"passed_time":2.067954926,"remaining_time":15.02258165},
{"learn":[0.2821271466],"iteration":121,"passed_time":2.086099727,"remaining_time":15.01307836},
{"learn":[0.2811835327],"iteration":122,"passed_time":2.1032145,"remaining_time":14.99609038},
{"learn":[0.2807838837],"iteration":123,"passed_time":2.118882206,"remaining_time":14.96887752},
{"learn":[0.2797397942],"iteration":124,"passed_time":2.134942682,"remaining_time":14.94459878},
{"learn":[0.2795727965],"iteration":125,"passed_time":2.14979901,"remaining_time":14.9120979},
{"learn":[0.2792078789],"iteration":126,"passed_time":2.164607278,"remaining_time":14.87954451},
{"learn":[0.2787843333],"iteration":127,"passed_time":2.18044925,"remaining_time":14.85431051},
{"learn":[0.2776770495],"iteration":128,"passed_time":2.194763954,"remaining_time":14.81891011},
{"learn":[0.2764865409],"iteration":129,"passed_time":2.209651541,"remaining_time":14.78766801},
{"learn":[0.2761235372],"iteration":130,"passed_time":2.225440045,"remaining_time":14.7626519},
{"learn":[0.2756039355],"iteration":131,"passed_time":2.240962915,"remaining_time":14.73602886},
{"learn":[0.2748928535],"iteration":132,"passed_time":2.256501037,"remaining_time":14.70967217},
{"learn":[0.2743721518],"iteration":133,"passed_time":2.275375631,"remaining_time":14.70503953},
{"learn":[0.273590433],"iteration":134,"passed_time":2.291674389,"remaining_time":14.68369146},
{"learn":[0.2734072771],"iteration":135,"passed_time":2.307154329,"remaining_time":14.65721574},
{"learn":[0.2724457337],"iteration":136,"passed_time":2.324244436,"remaining_time":14.64104342},
{"learn":[0.271370607],"iteration":137,"passed_time":2.341909277,"remaining_time":14.6284478},
{"learn":[0.2707384676],"iteration":138,"passed_time":2.359688592,"remaining_time":14.61648833},
{"learn":[0.2687148872],"iteration":139,"passed_time":2.377960643,"remaining_time":14.60747252},
{"learn":[0.2676392646],"iteration":140,"passed_time":2.395884717,"remaining_time":14.59620547},
{"learn":[0.2660767269],"iteration":141,"passed_time":2.413834151,"remaining_time":14.5849979},
{"learn":[0.2637041883],"iteration":142,"passed_time":2.43152404,"remaining_time":14.57214057},
{"learn":[0.262786396],"iteration":143,"passed_time":2.448932173,"remaining_time":14.55754125},
{"learn":[0.2624189313],"iteration":144,"passed_time":2.467104962,"remaining_time":14.54741202},
{"learn":[0.2621758994],"iteration":145,"passed_time":2.483714063,"remaining_time":14.52802609},
{"learn":[0.2618462347],"iteration":146,"passed_time":2.499454549,"remaining_time":14.50363762},
{"learn":[0.261180867],"iteration":147,"passed_time":2.516363863,"remaining_time":14.48609467},
{"learn":[0.2599739655],"iteration":148,"passed_time":2.530379036,"remaining_time":14.4520306},
{"learn":[0.2590876865],"iteration":149,"passed_time":2.547776414,"remaining_time":14.43739968},
{"learn":[0.2585487727],"iteration":150,"passed_time":2.565221612,"remaining_time":14.42300099},
{"learn":[0.2574574968],"iteration":151,"passed_time":2.583018227,"remaining_time":14.41052274},
{"learn":[0.2564097319],"iteration":152,"passed_time":2.601065927,"remaining_time":14.39936497},
{"learn":[0.2558661934],"iteration":153,"passed_time":2.618662823,"remaining_time":14.38564122},
{"learn":[0.2553638714],"iteration":154,"passed_time":2.635421628,"remaining_time":14.36729855},
{"learn":[0.2549277485],"iteration":155,"passed_time":2.653473328,"remaining_time":14.35597108},
{"learn":[0.2543580791],"iteration":156,"passed_time":2.673173708,"remaining_time":14.35341042},
{"learn":[0.2524113057],"iteration":157,"passed_time":2.693029902,"remaining_time":14.35146315},
{"learn":[0.2515029152],"iteration":158,"passed_time":2.709394828,"remaining_time":14.33082422},
{"learn":[0.2509865127],"iteration":159,"passed_time":2.726479339,"remaining_time":14.31401653},
{"learn":[0.25046949],"iteration":160,"passed_time":2.744242493,"remaining_time":14.30074194},
{"learn":[0.249357154],"iteration":161,"passed_time":2.762301362,"remaining_time":14.28894161},
{"learn":[0.2490812504],"iteration":162,"passed_time":2.778879308,"remaining_time":14.26946001},
{"learn":[0.2483590608],"iteration":163,"passed_time":2.797557776,"remaining_time":14.26072134},
{"learn":[0.2473771485],"iteration":164,"passed_time":2.813686674,"remaining_time":14.23895984},
{"learn":[0.2469886531],"iteration":165,"passed_time":2.827909303,"remaining_time":14.20768891},
{"learn":[0.2464686655],"iteration":166,"passed_time":2.844069784,"remaining_time":14.1862882},
{"learn":[0.2458211096],"iteration":167,"passed_time":2.860782624,"remaining_time":14.16768537},
{"learn":[0.2444927009],"iteration":168,"passed_time":2.878925723,"remaining_time":14.15613772},
{"learn":[0.243920273],"iteration":169,"passed_time":2.896984529,"remaining_time":14.14410094},
{"learn":[0.24326229],"iteration":170,"passed_time":2.914999492,"remaining_time":14.13178116},
{"learn":[0.2425999637],"iteration":171,"passed_time":2.93223467,"remaining_time":14.11564132},
{"learn":[0.2422323195],"iteration":172,"passed_time":2.949170286,"remaining_time":14.0980568},
{"learn":[0.2410007511],"iteration":173,"passed_time":2.966365307,"remaining_time":14.08171117},
{"learn":[0.2405884628],"iteration":174,"passed_time":2.983308586,"remaining_time":14.06416905},
{"learn":[0.2393395023],"iteration":175,"passed_time":3.065145382,"remaining_time":14.35045338},
{"learn":[0.2389738369],"iteration":176,"passed_time":3.083118501,"remaining_time":14.33563009},
{"learn":[0.2384538971],"iteration":177,"passed_time":3.138208658,"remaining_time":14.49217706},
{"learn":[0.2376880939],"iteration":178,"passed_time":3.160420491,"remaining_time":14.49555991},
{"learn":[0.2365313449],"iteration":179,"passed_time":3.177418302,"remaining_time":14.4749056},
{"learn":[0.2357792604],"iteration":180,"passed_time":3.195502106,"remaining_time":14.45920566},
{"learn":[0.23537832],"iteration":181,"passed_time":3.213226371,"remaining_time":14.44186358},
{"learn":[0.2348679656],"iteration":182,"passed_time":3.230118474,"remaining_time":14.42080215},
{"learn":[0.2339437519],"iteration":183,"passed_time":3.247613682,"remaining_time":14.40246068},
{"learn":[0.2334530061],"iteration":184,"passed_time":3.264918266,"remaining_time":14.38328858},
{"learn":[0.2330731775],"iteration":185,"passed_time":3.281370654,"remaining_time":14.36040706},
{"learn":[0.2319916036],"iteration":186,"passed_time":3.298971916,"remaining_time":14.34258913},
{"learn":[0.2316961638],"iteration":187,"passed_time":3.315473775,"remaining_time":14.32002503},
{"learn":[0.2314228407],"iteration":188,"passed_time":3.331720942,"remaining_time":14.29643219},
{"learn":[0.2308852275],"iteration":189,"passed_time":3.348706763,"remaining_time":14.27606567},
{"learn":[0.2302406002],"iteration":190,"passed_time":3.366089228,"remaining_time":14.25741458},
{"learn":[0.2300284699],"iteration":191,"passed_time":3.382509228,"remaining_time":14.23472633},
{"learn":[0.229549169],"iteration":192,"passed_time":3.399647264,"remaining_time":14.2151054},
{"learn":[0.2284733381],"iteration":193,"passed_time":3.443889996,"remaining_time":14.30812029},
{"learn":[0.2279452653],"iteration":194,"passed_time":3.461498036,"remaining_time":14.28977394},
{"learn":[0.2277358935],"iteration":195,"passed_time":3.498981617,"remaining_time":14.35296541},
{"learn":[0.2272333202],"iteration":196,"passed_time":3.530656068,"remaining_time":14.39145595},
{"learn":[0.2268617206],"iteration":197,"passed_time":3.558803697,"remaining_time":14.41495235},
{"learn":[0.2263903225],"iteration":198,"passed_time":3.577359923,"remaining_time":14.39932311},
{"learn":[0.2259286162],"iteration":199,"passed_time":3.59037536,"remaining_time":14.36150144},
{"learn":[0.2253163118],"iteration":200,"passed_time":3.607220987,"remaining_time":14.33915208},
{"learn":[0.2245189205],"iteration":201,"passed_time":3.625750512,"remaining_time":14.32350945},
{"learn":[0.2237870497],"iteration":202,"passed_time":3.643101243,"remaining_time":14.3032103},
{"learn":[0.2234173493],"iteration":203,"passed_time":3.661457733,"remaining_time":14.28686449},
{"learn":[0.2226774866],"iteration":204,"passed_time":3.679426073,"remaining_time":14.2689938},
{"learn":[0.2217306036],"iteration":205,"passed_time":3.697306833,"remaining_time":14.25078459},
{"learn":[0.2211056969],"iteration":206,"passed_time":3.714724721,"remaining_time":14.23080533},
{"learn":[0.2206098798],"iteration":207,"passed_time":3.732469448,"remaining_time":14.2120952},
{"learn":[0.2202307651],"iteration":208,"passed_time":3.750573007,"remaining_time":14.19475239},
{"learn":[0.2198033941],"iteration":209,"passed_time":3.768516986,"remaining_time":14.176802},
{"learn":[0.2192357242],"iteration":210,"passed_time":3.785719684,"remaining_time":14.15607977},
{"learn":[0.218918581],"iteration":211,"passed_time":3.80211629,"remaining_time":14.13239451},
{"learn":[0.2186633438],"iteration":212,"passed_time":3.841119257,"remaining_time":14.19230448},
{"learn":[0.2182201156],"iteration":213,"passed_time":3.862728451,"remaining_time":14.1874045},
{"learn":[0.2174057701],"iteration":214,"passed_time":3.88418429,"remaining_time":14.18178915},
{"learn":[0.216525839],"iteration":215,"passed_time":3.911597792,"remaining_time":14.19765124},
{"learn":[0.2161108147],"iteration":216,"passed_time":3.95797978,"remaining_time":14.28155838},
{"learn":[0.2156637409],"iteration":217,"passed_time":3.974509452,"remaining_time":14.25718528},
{"learn":[0.2153244502],"iteration":218,"passed_time":3.990339829,"remaining_time":14.23038998},
{"learn":[0.2146178021],"iteration":219,"passed_time":4.009157408,"remaining_time":14.21428535},
{"learn":[0.2142994347],"iteration":220,"passed_time":4.027441658,"remaining_time":14.19627625},
{"learn":[0.2136493727],"iteration":221,"passed_time":4.046977331,"remaining_time":14.18265029},
{"learn":[0.2129409529],"iteration":222,"passed_time":4.064159629,"remaining_time":14.16077144},
{"learn":[0.2126072451],"iteration":223,"passed_time":4.08189905,"remaining_time":14.14086456},
{"learn":[0.2122692101],"iteration":224,"passed_time":4.098908646,"remaining_time":14.11846312},
{"learn":[0.2120590975],"iteration":225,"passed_time":4.116553957,"remaining_time":14.09828656},
{"learn":[0.211228669],"iteration":226,"passed_time":4.13643971,"remaining_time":14.08576166},
{"learn":[0.2108132244],"iteration":227,"passed_time":4.178108391,"remaining_time":14.14692841},
{"learn":[0.2102230813],"iteration":228,"passed_time":4.205181504,"remaining_time":14.15805651},
{"learn":[0.2099331264],"iteration":229,"passed_time":4.224050363,"remaining_time":14.141386},
{"learn":[0.2087222282],"iteration":230,"passed_time":4.246441175,"remaining_time":14.13642106},
{"learn":[0.2081669416],"iteration":231,"passed_time":4.272343871,"remaining_time":14.14293144},
{"learn":[0.2078224835],"iteration":232,"passed_time":4.292002171,"remaining_time":14.12860801},
{"learn":[0.2068088165],"iteration":233,"passed_time":4.312259915,"remaining_time":14.11620126},
{"learn":[0.2066544953],"iteration":234,"passed_time":4.331274856,"remaining_time":14.09968198},
{"learn":[0.2059789799],"iteration":235,"passed_time":4.353025828,"remaining_time":14.09199887},
{"learn":[0.2052751272],"iteration":236,"passed_time":4.370147401,"remaining_time":14.06929311},
{"learn":[0.2047285476],"iteration":237,"passed_time":4.388035296,"remaining_time":14.0490878},
{"learn":[0.2043741709],"iteration":238,"passed_time":4.402165746,"remaining_time":14.01693779},
{"learn":[0.2040514701],"iteration":239,"passed_time":4.418817986,"remaining_time":13.99292362},
{"learn":[0.2037939535],"iteration":240,"passed_time":4.434270208,"remaining_time":13.96519124},
{"learn":[0.2035707237],"iteration":241,"passed_time":4.451556094,"remaining_time":13.9433038},
{"learn":[0.2029468922],"iteration":242,"passed_time":4.469423646,"remaining_time":13.92326626},
{"learn":[0.2020992102],"iteration":243,"passed_time":4.48749904,"remaining_time":13.90389047},
{"learn":[0.2017335106],"iteration":244,"passed_time":4.504662351,"remaining_time":13.88171459},
{"learn":[0.201374289],"iteration":245,"passed_time":4.52209787,"remaining_time":13.8604138},
{"learn":[0.2006678119],"iteration":246,"passed_time":4.540018399,"remaining_time":13.84062289},
{"learn":[0.200445241],"iteration":247,"passed_time":4.557357669,"remaining_time":13.81908454},
{"learn":[0.1996448355],"iteration":248,"passed_time":4.590014129,"remaining_time":13.84377755},
{"learn":[0.1993560954],"iteration":249,"passed_time":4.639668659,"remaining_time":13.91900598},
{"learn":[0.199279608],"iteration":250,"passed_time":4.675710805,"remaining_time":13.9526191},
{"learn":[0.1989324216],"iteration":251,"passed_time":4.709119146,"remaining_time":13.97786159},
{"learn":[0.1982711722],"iteration":252,"passed_time":4.736300834,"remaining_time":13.98425582},
{"learn":[0.1977391448],"iteration":253,"passed_time":4.75383421,"remaining_time":13.96204851},
{"learn":[0.1975547223],"iteration":254,"passed_time":4.768691443,"remaining_time":13.93205931},
{"learn":[0.1972134401],"iteration":255,"passed_time":4.786412903,"remaining_time":13.9105125},
{"learn":[0.1970312978],"iteration":256,"passed_time":4.803399822,"remaining_time":13.88687186},
{"learn":[0.1967406734],"iteration":257,"passed_time":4.821653637,"remaining_time":13.86692635},
{"learn":[0.1965226416],"iteration":258,"passed_time":4.838408474,"remaining_time":13.84270533},
{"learn":[0.1960399873],"iteration":259,"passed_time":4.857744109,"remaining_time":13.82588708},
{"learn":[0.1955716878],"iteration":260,"passed_time":4.874877063,"remaining_time":13.80281283},
{"learn":[0.1953001818],"iteration":261,"passed_time":4.892814874,"remaining_time":13.78205106},
{"learn":[0.1947036033],"iteration":262,"passed_time":4.909865053,"remaining_time":13.75882336},
{"learn":[0.1944826514],"iteration":263,"passed_time":4.927966715,"remaining_time":13.73857387},
{"learn":[0.1942318348],"iteration":264,"passed_time":4.944877408,"remaining_time":13.71503734},
{"learn":[0.1937431645],"iteration":265,"passed_time":4.962772783,"remaining_time":13.69426776},
{"learn":[0.1934931248],"iteration":266,"passed_time":4.991160551,"remaining_time":13.70232466},
{"learn":[0.1925282315],"iteration":267,"passed_time":5.026683478,"remaining_time":13.72959816},
{"learn":[0.1923978314],"iteration":268,"passed_time":5.045964505,"remaining_time":13.71226786},
{"learn":[0.1921244117],"iteration":269,"passed_time":5.065003442,"remaining_time":13.69426856},
{"learn":[0.1916303333],"iteration":270,"passed_time":5.084447217,"remaining_time":13.67735063},
{"learn":[0.1914530872],"iteration":271,"passed_time":5.111038181,"remaining_time":13.67954337},
{"learn":[0.1911806455],"iteration":272,"passed_time":5.147567875,"remaining_time":13.70799211},
{"learn":[0.190656291],"iteration":273,"passed_time":5.170304868,"remaining_time":13.69942093},
{"learn":[0.1904464217],"iteration":274,"passed_time":5.185681287,"remaining_time":13.67134157},
{"learn":[0.1899820992],"iteration":275,"passed_time":5.20434879,"remaining_time":13.65198741},
{"learn":[0.1895062987],"iteration":276,"passed_time":5.221095569,"remaining_time":13.6276249},
{"learn":[0.1889981392],"iteration":277,"passed_time":5.237618619,"remaining_time":13.60273612},
{"learn":[0.1879870727],"iteration":278,"passed_time":5.254658641,"remaining_time":13.5792433},
{"learn":[0.1870977508],"iteration":279,"passed_time":5.274332764,"remaining_time":13.56256996},
{"learn":[0.1860865425],"iteration":280,"passed_time":5.292501413,"remaining_time":13.54202319},
{"learn":[0.1856873194],"iteration":281,"passed_time":5.30962128,"remaining_time":13.51882297},
{"learn":[0.1845652281],"iteration":282,"passed_time":5.32801459,"remaining_time":13.49889209},
{"learn":[0.1842785029],"iteration":283,"passed_time":5.345192858,"remaining_time":13.47590876},
{"learn":[0.1840414334],"iteration":284,"passed_time":5.362167382,"remaining_time":13.45245501},
{"learn":[0.1837765168],"iteration":285,"passed_time":5.379960482,"remaining_time":13.43109015},
{"learn":[0.1832632613],"iteration":286,"passed_time":5.397251284,"remaining_time":13.40850232},
{"learn":[0.182972521],"iteration":287,"passed_time":5.415871367,"remaining_time":13.38923755},
{"learn":[0.1824023079],"iteration":288,"passed_time":5.433154875,"remaining_time":13.36668898},
{"learn":[0.1820440697],"iteration":289,"passed_time":5.450803364,"remaining_time":13.3450703},
{"learn":[0.1816251751],"iteration":290,"passed_time":5.468852937,"remaining_time":13.32445612},
{"learn":[0.1813015696],"iteration":291,"passed_time":5.486053228,"remaining_time":13.30180029},
{"learn":[0.1810365665],"iteration":292,"passed_time":5.502918569,"remaining_time":13.27837348},
{"learn":[0.1805751168],"iteration":293,"passed_time":5.520570842,"remaining_time":13.256881},
{"learn":[0.1801247576],"iteration":294,"passed_time":5.538310409,"remaining_time":13.23562318},
{"learn":[0.1799115738],"iteration":295,"passed_time":5.555327399,"remaining_time":13.21267057},
{"learn":[0.1793522543],"iteration":296,"passed_time":5.573837255,"remaining_time":13.19329155},
{"learn":[0.1792118009],"iteration":297,"passed_time":5.59035222,"remaining_time":13.16921899},
{"learn":[0.1787602713],"iteration":298,"passed_time":5.607849969,"remaining_time":13.1475011},
{"learn":[0.1783970373],"iteration":299,"passed_time":5.626242036,"remaining_time":13.12789808},
{"learn":[0.1782651058],"iteration":300,"passed_time":5.643340043,"remaining_time":13.10529797},
{"learn":[0.1779423534],"iteration":301,"passed_time":5.658869719,"remaining_time":13.07910948},
{"learn":[0.177638439],"iteration":302,"passed_time":5.675663823,"remaining_time":13.05589995},
{"learn":[0.1772966855],"iteration":303,"passed_time":5.693418897,"remaining_time":13.03493274},
{"learn":[0.1770438153],"iteration":304,"passed_time":5.710608399,"remaining_time":13.01269783},
{"learn":[0.1766167154],"iteration":305,"passed_time":5.728348985,"remaining_time":12.99174574},
{"learn":[0.1764282836],"iteration":306,"passed_time":5.77140546,"remaining_time":13.02796086},
{"learn":[0.1760194118],"iteration":307,"passed_time":5.798801678,"remaining_time":13.0284765},
{"learn":[0.1758951687],"iteration":308,"passed_time":5.816675257,"remaining_time":13.00751651},
{"learn":[0.1755158143],"iteration":309,"passed_time":5.849330731,"remaining_time":13.01947808},
{"learn":[0.1752080766],"iteration":310,"passed_time":5.880333873,"remaining_time":13.02749208},
{"learn":[0.1749828403],"iteration":311,"passed_time":5.903110029,"remaining_time":13.01711442},
{"learn":[0.1746321171],"iteration":312,"passed_time":5.917325263,"remaining_time":12.98786727},
{"learn":[0.1743253093],"iteration":313,"passed_time":5.934144362,"remaining_time":12.96440456},
{"learn":[0.1741022723],"iteration":314,"passed_time":5.950732112,"remaining_time":12.94048094},
{"learn":[0.1739755725],"iteration":315,"passed_time":5.965191559,"remaining_time":12.91199692},
{"learn":[0.173739624],"iteration":316,"passed_time":5.980208063,"remaining_time":12.8848016},
{"learn":[0.1733292572],"iteration":317,"passed_time":5.995394354,"remaining_time":12.85804701},
{"learn":[0.1729696011],"iteration":318,"passed_time":6.011032402,"remaining_time":12.83232936},
{"learn":[0.1723257436],"iteration":319,"passed_time":6.027827889,"remaining_time":12.80913426},
{"learn":[0.1721553569],"iteration":320,"passed_time":6.043030863,"remaining_time":12.78261045},
{"learn":[0.1718353784],"iteration":321,"passed_time":6.081820548,"remaining_time":12.80582091},
{"learn":[0.1715081454],"iteration":322,"passed_time":6.102173727,"remaining_time":12.790005},
{"learn":[0.1712501419],"iteration":323,"passed_time":6.118566172,"remaining_time":12.76589732},
{"learn":[0.1710840237],"iteration":324,"passed_time":6.133440524,"remaining_time":12.73868417},
{"learn":[0.1708740442],"iteration":325,"passed_time":6.149754039,"remaining_time":12.71452215},
{"learn":[0.1704148387],"iteration":326,"passed_time":6.176440663,"remaining_time":12.71175708},
{"learn":[0.1698812799],"iteration":327,"passed_time":6.219254747,"remaining_time":12.74188777},
{"learn":[0.1694208713],"iteration":328,"passed_time":6.236326996,"remaining_time":12.71907421},
{"learn":[0.169190729],"iteration":329,"passed_time":6.290411469,"remaining_time":12.77144147},
{"learn":[0.1689404164],"iteration":330,"passed_time":6.308078206,"remaining_time":12.74955988},
{"learn":[0.1687898579],"iteration":331,"passed_time":6.334865115,"remaining_time":12.74605391},
{"learn":[0.1685872861],"iteration":332,"passed_time":6.37447573,"remaining_time":12.76809403},
{"learn":[0.1683152364],"iteration":333,"passed_time":6.389491446,"remaining_time":12.74072246},
{"learn":[0.1679408938],"iteration":334,"passed_time":6.404230344,"remaining_time":12.71287516},
{"learn":[0.1673216404],"iteration":335,"passed_time":6.4198192,"remaining_time":12.68678556},
{"learn":[0.1670584411],"iteration":336,"passed_time":6.434706256,"remaining_time":12.65937759},
{"learn":[0.1668259093],"iteration":337,"passed_time":6.451185414,"remaining_time":12.63516196},
{"learn":[0.1661973224],"iteration":338,"passed_time":6.468746953,"remaining_time":12.61310247},
{"learn":[0.1660649902],"iteration":339,"passed_time":6.483914016,"remaining_time":12.58642132},
{"learn":[0.1656788676],"iteration":340,"passed_time":6.500187522,"remaining_time":12.56194597},
{"learn":[0.1652778169],"iteration":341,"passed_time":6.51612444,"remaining_time":12.536871},
{"learn":[0.1648937567],"iteration":342,"passed_time":6.531933339,"remaining_time":12.51160409},
{"learn":[0.1645481642],"iteration":343,"passed_time":6.547712546,"remaining_time":12.48633555},
{"learn":[0.164284928],"iteration":344,"passed_time":6.562162812,"remaining_time":12.45859896},
{"learn":[0.1639497477],"iteration":345,"passed_time":6.578502655,"remaining_time":12.4345108},
{"learn":[0.163743734],"iteration":346,"passed_time":6.59465175,"remaining_time":12.41010834},
{"learn":[0.1632761974],"iteration":347,"passed_time":6.611398315,"remaining_time":12.38687271},
{"learn":[0.1629997828],"iteration":348,"passed_time":6.629138527,"remaining_time":12.36552774},
{"learn":[0.1627395581],"iteration":349,"passed_time":6.645408184,"remaining_time":12.34147234},
{"learn":[0.1623070039],"iteration":350,"passed_time":6.660792337,"remaining_time":12.31582401},
{"learn":[0.162066234],"iteration":351,"passed_time":6.676854139,"remaining_time":12.29148148},
{"learn":[0.1617043391],"iteration":352,"passed_time":6.693537855,"remaining_time":12.26832576},
{"learn":[0.161552063],"iteration":353,"passed_time":6.709696649,"remaining_time":12.24424869},
{"learn":[0.1611088962],"iteration":354,"passed_time":6.725347296,"remaining_time":12.21929297},
{"learn":[0.1608106187],"iteration":355,"passed_time":6.74007431,"remaining_time":12.1927187},
{"learn":[0.1603699261],"iteration":356,"passed_time":6.754886533,"remaining_time":12.16636426},
{"learn":[0.1600842572],"iteration":357,"passed_time":6.769430717,"remaining_time":12.13959363},
{"learn":[0.1598885686],"iteration":358,"passed_time":6.784102738,"remaining_time":12.11311937},
{"learn":[0.1595870874],"iteration":359,"passed_time":6.80220979,"remaining_time":12.0928174},
{"learn":[0.1592778641],"iteration":360,"passed_time":6.816919078,"remaining_time":12.06651327},
{"learn":[0.1590888787],"iteration":361,"passed_time":6.830148316,"remaining_time":12.03766471},
{"learn":[0.1589229755],"iteration":362,"passed_time":6.844069021,"remaining_time":12.01011561},
{"learn":[0.1587863837],"iteration":363,"passed_time":6.859419717,"remaining_time":11.98513995},
{"learn":[0.1585996193],"iteration":364,"passed_time":6.874744793,"remaining_time":11.96017245},
{"learn":[0.1583378068],"iteration":365,"passed_time":6.889660526,"remaining_time":11.93454856},
{"learn":[0.1580367054],"iteration":366,"passed_time":6.916693897,"remaining_time":11.92988348},
{"learn":[0.1577691793],"iteration":367,"passed_time":6.954635557,"remaining_time":11.94383063},
{"learn":[0.1573003388],"iteration":368,"passed_time":6.972810502,"remaining_time":11.92369492},
{"learn":[0.157078462],"iteration":369,"passed_time":7.005925873,"remaining_time":11.92900892},
{"learn":[0.1568696227],"iteration":370,"passed_time":7.04405125,"remaining_time":11.9426098},
{"learn":[0.1562873477],"iteration":371,"passed_time":7.074037488,"remaining_time":11.94219232},
{"learn":[0.1560523528],"iteration":372,"passed_time":7.087603585,"remaining_time":11.9140146},
{"learn":[0.1558730991],"iteration":373,"passed_time":7.102699111,"remaining_time":11.88847498},
{"learn":[0.1554547019],"iteration":374,"passed_time":7.119911308,"remaining_time":11.86651885},
{"learn":[0.1553725223],"iteration":375,"passed_time":7.136035816,"remaining_time":11.84278284},
{"learn":[0.1550644606],"iteration":376,"passed_time":7.15342469,"remaining_time":11.82117661},
{"learn":[0.1548251876],"iteration":377,"passed_time":7.170500911,"remaining_time":11.79907822},
{"learn":[0.1546035119],"iteration":378,"passed_time":7.186549139,"remaining_time":11.77532194},
{"learn":[0.1540370254],"iteration":379,"passed_time":7.204266777,"remaining_time":11.75433},
{"learn":[0.1538360045],"iteration":380,"passed_time":7.221087535,"remaining_time":11.73189812},
{"learn":[0.1533188449],"iteration":381,"passed_time":7.238383814,"remaining_time":11.71026491},
{"learn":[0.1532161561],"iteration":382,"passed_time":7.254896583,"remaining_time":11.68739215},
{"learn":[0.152968925],"iteration":383,"passed_time":7.272625,"remaining_time":11.6665026},
{"learn":[0.1527762647],"iteration":384,"passed_time":7.290950826,"remaining_time":11.64658379},
{"learn":[0.1524044396],"iteration":385,"passed_time":7.308448027,"remaining_time":11.62535515},
{"learn":[0.1521835665],"iteration":386,"passed_time":7.32678788,"remaining_time":11.60548054},
{"learn":[0.1517882856],"iteration":387,"passed_time":7.344909261,"remaining_time":11.58526925},
{"learn":[0.1515474763],"iteration":388,"passed_time":7.373934948,"remaining_time":11.58219602},
{"learn":[0.1514691956],"iteration":389,"passed_time":7.411297098,"remaining_time":11.59202879},
{"learn":[0.1511164242],"iteration":390,"passed_time":7.428825502,"remaining_time":11.57072821},
{"learn":[0.1509533846],"iteration":391,"passed_time":7.454461946,"remaining_time":11.56202261},
{"learn":[0.1508544471],"iteration":392,"passed_time":7.493174277,"remaining_time":11.57342694},
{"learn":[0.1503404532],"iteration":393,"passed_time":7.510265938,"remaining_time":11.55132274},
{"learn":[0.1501349921],"iteration":394,"passed_time":7.537947042,"remaining_time":11.54546319},
{"learn":[0.1499474215],"iteration":395,"passed_time":7.576732357,"remaining_time":11.55643016},
{"learn":[0.1497425503],"iteration":396,"passed_time":7.590590373,"remaining_time":11.52928462},
{"learn":[0.149474097],"iteration":397,"passed_time":7.606955928,"remaining_time":11.50599867},
{"learn":[0.1493118243],"iteration":398,"passed_time":7.625143039,"remaining_time":11.48549114},
{"learn":[0.149159846],"iteration":399,"passed_time":7.64264858,"remaining_time":11.46397287},
{"learn":[0.1490155759],"iteration":400,"passed_time":7.658930475,"remaining_time":11.44064677},
{"learn":[0.1487443595],"iteration":401,"passed_time":7.677295171,"remaining_time":11.42045401},
{"learn":[0.147957143],"iteration":402,"passed_time":7.693964063,"remaining_time":11.39775818},
{"learn":[0.1477285233],"iteration":403,"passed_time":7.711560309,"remaining_time":11.37646026},
{"learn":[0.1475687519],"iteration":404,"passed_time":7.729131597,"remaining_time":11.35514395},
{"learn":[0.1472881314],"iteration":405,"passed_time":7.74602196,"remaining_time":11.33284986},
{"learn":[0.1470515647],"iteration":406,"passed_time":7.763714821,"remaining_time":11.31175157},
{"learn":[0.1469357164],"iteration":407,"passed_time":7.781834102,"remaining_time":11.2912887},
{"learn":[0.146599686],"iteration":408,"passed_time":7.800179878,"remaining_time":11.27116457},
{"learn":[0.1464302877],"iteration":409,"passed_time":7.818074853,"remaining_time":11.2504004},
{"learn":[0.1457984251],"iteration":410,"passed_time":7.83780808,"remaining_time":11.23228457},
{"learn":[0.1455699307],"iteration":411,"passed_time":7.855526285,"remaining_time":11.21128509},
{"learn":[0.1452841272],"iteration":412,"passed_time":7.871410332,"remaining_time":11.18769459},
{"learn":[0.1450281231],"iteration":413,"passed_time":7.886298514,"remaining_time":11.16273171},
{"learn":[0.1448683316],"iteration":414,"passed_time":7.90204237,"remaining_time":11.13902358},
{"learn":[0.1447504726],"iteration":415,"passed_time":7.920075996,"remaining_time":11.11856822},
{"learn":[0.1446155724],"iteration":416,"passed_time":7.938313166,"remaining_time":11.09840905},
{"learn":[0.1444081448],"iteration":417,"passed_time":7.954333876,"remaining_time":11.075173},
{"learn":[0.1441029756],"iteration":418,"passed_time":7.970814198,"remaining_time":11.05260871},
{"learn":[0.1436428797],"iteration":419,"passed_time":7.98679493,"remaining_time":11.02938348},
{"learn":[0.1434086319],"iteration":420,"passed_time":8.001986026,"remaining_time":11.00510667},
{"learn":[0.1430368657],"iteration":421,"passed_time":8.019056811,"remaining_time":10.98344748},
{"learn":[0.1428912515],"iteration":422,"passed_time":8.034722163,"remaining_time":10.95989288},
{"learn":[0.1427159203],"iteration":423,"passed_time":8.05035354,"remaining_time":10.93632934},
{"learn":[0.1421107623],"iteration":424,"passed_time":8.067628257,"remaining_time":10.91502647},
{"learn":[0.141919524],"iteration":425,"passed_time":8.082878346,"remaining_time":10.89101449},
{"learn":[0.1418145476],"iteration":426,"passed_time":8.097868273,"remaining_time":10.86669443},
{"learn":[0.1416309625],"iteration":427,"passed_time":8.113766602,"remaining_time":10.843632},
{"learn":[0.1415065726],"iteration":428,"passed_time":8.129920869,"remaining_time":10.82094363},
{"learn":[0.1413838147],"iteration":429,"passed_time":8.144872878,"remaining_time":10.79669195},
{"learn":[0.1411429228],"iteration":430,"passed_time":8.160104337,"remaining_time":10.77285236},
{"learn":[0.1409195125],"iteration":431,"passed_time":8.175888821,"remaining_time":10.74977975},
{"learn":[0.1407703187],"iteration":432,"passed_time":8.190476032,"remaining_time":10.725173},
{"learn":[0.1406208577],"iteration":433,"passed_time":8.204914001,"remaining_time":10.7004178},
{"learn":[0.1401923373],"iteration":434,"passed_time":8.221503022,"remaining_time":10.67850392},
{"learn":[0.1400419465],"iteration":435,"passed_time":8.237312477,"remaining_time":10.65560605},
{"learn":[0.1399192047],"iteration":436,"passed_time":8.253663051,"remaining_time":10.63343775},
{"learn":[0.1398216368],"iteration":437,"passed_time":8.269170709,"remaining_time":10.61021447},
{"learn":[0.1395760576],"iteration":438,"passed_time":8.284422479,"remaining_time":10.58669934},
{"learn":[0.1393406281],"iteration":439,"passed_time":8.298822575,"remaining_time":10.56213782},
{"learn":[0.1390934434],"iteration":440,"passed_time":8.314040157,"remaining_time":10.53865861},
{"learn":[0.1388896574],"iteration":441,"passed_time":8.329002554,"remaining_time":10.51489463},
{"learn":[0.1386672547],"iteration":442,"passed_time":8.345309298,"remaining_time":10.49286067},
{"learn":[0.1383893829],"iteration":443,"passed_time":8.361809981,"remaining_time":10.47109538},
{"learn":[0.1379183124],"iteration":444,"passed_time":8.379532723,"remaining_time":10.45087789},
{"learn":[0.1376909237],"iteration":445,"passed_time":8.397457888,"remaining_time":10.43092303},
{"learn":[0.1372686818],"iteration":446,"passed_time":8.414449312,"remaining_time":10.40982208},
{"learn":[0.1371243041],"iteration":447,"passed_time":8.42952397,"remaining_time":10.38637775},
{"learn":[0.136857053],"iteration":448,"passed_time":8.447465381,"remaining_time":10.3664887},
{"learn":[0.1366351277],"iteration":449,"passed_time":8.464711579,"remaining_time":10.3457586},
{"learn":[0.1362424868],"iteration":450,"passed_time":8.483066286,"remaining_time":10.32639333},
{"learn":[0.1360566686],"iteration":451,"passed_time":8.498743279,"remaining_time":10.3037861},
{"learn":[0.1357841459],"iteration":452,"passed_time":8.514535203,"remaining_time":10.28134825},
{"learn":[0.1356026338],"iteration":453,"passed_time":8.529576007,"remaining_time":10.25803634},
{"learn":[0.1355239136],"iteration":454,"passed_time":8.544204903,"remaining_time":10.23426741},
{"learn":[0.1352541238],"iteration":455,"passed_time":8.559168285,"remaining_time":10.2109376},
{"learn":[0.1351519188],"iteration":456,"passed_time":8.575061457,"remaining_time":10.18874917},
{"learn":[0.1350071649],"iteration":457,"passed_time":8.594507568,"remaining_time":10.1707928},
{"learn":[0.1347567244],"iteration":458,"passed_time":8.612471913,"remaining_time":10.15108345},
{"learn":[0.1346599748],"iteration":459,"passed_time":8.629584539,"remaining_time":10.13038185},
{"learn":[0.1344949406],"iteration":460,"passed_time":8.644768198,"remaining_time":10.10744047},
{"learn":[0.1340743989],"iteration":461,"passed_time":8.662818233,"remaining_time":10.08787058},
{"learn":[0.1338141453],"iteration":462,"passed_time":8.67937582,"remaining_time":10.06657627},
{"learn":[0.1335560279],"iteration":463,"passed_time":8.696362002,"remaining_time":10.04579749},
{"learn":[0.1332997436],"iteration":464,"passed_time":8.713719286,"remaining_time":10.02546197},
{"learn":[0.1330329233],"iteration":465,"passed_time":8.732138664,"remaining_time":10.00635632},
{"learn":[0.1326704927],"iteration":466,"passed_time":8.749541415,"remaining_time":9.986093306},
{"learn":[0.1324152699],"iteration":467,"passed_time":8.765712074,"remaining_time":9.964441931},
{"learn":[0.1322102453],"iteration":468,"passed_time":8.783348778,"remaining_time":9.944473777},
{"learn":[0.1320456678],"iteration":469,"passed_time":8.798500053,"remaining_time":9.921712825},
{"learn":[0.1319397784],"iteration":470,"passed_time":8.812825754,"remaining_time":9.898056951},
{"learn":[0.1317189372],"iteration":471,"passed_time":8.82774395,"remaining_time":9.875103402},
{"learn":[0.1315540784],"iteration":472,"passed_time":8.843603696,"remaining_time":9.853232871},
{"learn":[0.1313237075],"iteration":473,"passed_time":8.859837986,"remaining_time":9.831803334},
{"learn":[0.1311723442],"iteration":474,"passed_time":8.875638365,"remaining_time":9.809916087},
{"learn":[0.1310226983],"iteration":475,"passed_time":8.890274183,"remaining_time":9.78677242},
{"learn":[0.1309124926],"iteration":476,"passed_time":8.906293603,"remaining_time":9.765181455},
{"learn":[0.1307138636],"iteration":477,"passed_time":8.921307307,"remaining_time":9.742515511},
{"learn":[0.1304525059],"iteration":478,"passed_time":8.937495925,"remaining_time":9.72115945},
{"learn":[0.1303017799],"iteration":479,"passed_time":8.954011501,"remaining_time":9.700179126},
{"learn":[0.1299931587],"iteration":480,"passed_time":8.971100268,"remaining_time":9.67983584},
{"learn":[0.1297896164],"iteration":481,"passed_time":8.987982538,"remaining_time":9.659284138},
{"learn":[0.1295829875],"iteration":482,"passed_time":9.005690721,"remaining_time":9.639631683},
{"learn":[0.1292920097],"iteration":483,"passed_time":9.023193974,"remaining_time":9.619768783},
{"learn":[0.1291368031],"iteration":484,"passed_time":9.040457231,"remaining_time":9.599660771},
{"learn":[0.1288851012],"iteration":485,"passed_time":9.058721812,"remaining_time":9.58062348},
{"learn":[0.1287952835],"iteration":486,"passed_time":9.076389012,"remaining_time":9.560960089},
{"learn":[0.1286276543],"iteration":487,"passed_time":9.094946133,"remaining_time":9.542238566},
{"learn":[0.1283798271],"iteration":488,"passed_time":9.113136621,"remaining_time":9.523134588},
{"learn":[0.1280648295],"iteration":489,"passed_time":9.131387482,"remaining_time":9.504097175},
{"learn":[0.1278696813],"iteration":490,"passed_time":9.147633255,"remaining_time":9.482984373},
{"learn":[0.1278095831],"iteration":491,"passed_time":9.163355095,"remaining_time":9.461350382},
{"learn":[0.1276772939],"iteration":492,"passed_time":9.179460268,"remaining_time":9.440134597},
{"learn":[0.1274182975],"iteration":493,"passed_time":9.196821156,"remaining_time":9.420225719},
{"learn":[0.1273018185],"iteration":494,"passed_time":9.214503021,"remaining_time":9.400654597},
{"learn":[0.1269462376],"iteration":495,"passed_time":9.230312945,"remaining_time":9.37918896},
{"learn":[0.1267958493],"iteration":496,"passed_time":9.246274948,"remaining_time":9.357899998},
{"learn":[0.1265827604],"iteration":497,"passed_time":9.262266705,"remaining_time":9.336662421},
{"learn":[0.1263991573],"iteration":498,"passed_time":9.277383931,"remaining_time":9.314567834},
{"learn":[0.1261657252],"iteration":499,"passed_time":9.291567679,"remaining_time":9.291567679},
{"learn":[0.1259268627],"iteration":500,"passed_time":9.306151202,"remaining_time":9.269000898},
{"learn":[0.1257658962],"iteration":501,"passed_time":9.320762321,"remaining_time":9.246493298},
{"learn":[0.1256079543],"iteration":502,"passed_time":9.335456897,"remaining_time":9.224099559},
{"learn":[0.1255004607],"iteration":503,"passed_time":9.351587209,"remaining_time":9.203149317},
{"learn":[0.1253835318],"iteration":504,"passed_time":9.368437077,"remaining_time":9.182923472},
{"learn":[0.1252652081],"iteration":505,"passed_time":9.384639434,"remaining_time":9.162078815},
{"learn":[0.1249264843],"iteration":506,"passed_time":9.40271805,"remaining_time":9.143076921},
{"learn":[0.1247349832],"iteration":507,"passed_time":9.419711295,"remaining_time":9.123027475},
{"learn":[0.1243859918],"iteration":508,"passed_time":9.438013032,"remaining_time":9.104252257},
{"learn":[0.1242747773],"iteration":509,"passed_time":9.45281459,"remaining_time":9.082115979},
{"learn":[0.1241136676],"iteration":510,"passed_time":9.469362232,"remaining_time":9.061679318},
{"learn":[0.1239164013],"iteration":511,"passed_time":9.486278053,"remaining_time":9.041608769},
{"learn":[0.1237117935],"iteration":512,"passed_time":9.502268974,"remaining_time":9.020672496},
{"learn":[0.1234725236],"iteration":513,"passed_time":9.516860461,"remaining_time":8.998432265},
{"learn":[0.123183181],"iteration":514,"passed_time":9.531413555,"remaining_time":8.976185581},
{"learn":[0.1229859012],"iteration":515,"passed_time":9.547669961,"remaining_time":8.955566397},
{"learn":[0.1228063285],"iteration":516,"passed_time":9.564602427,"remaining_time":8.935595691},
{"learn":[0.1224794061],"iteration":517,"passed_time":9.582038112,"remaining_time":8.916104962},
{"learn":[0.122238703],"iteration":518,"passed_time":9.600775691,"remaining_time":8.897828723},
{"learn":[0.1219226586],"iteration":519,"passed_time":9.617366447,"remaining_time":8.877569028},
{"learn":[0.1218506952],"iteration":520,"passed_time":9.632011904,"remaining_time":8.855534937},
{"learn":[0.1217123184],"iteration":521,"passed_time":9.648102087,"remaining_time":8.834852103},
{"learn":[0.1215886246],"iteration":522,"passed_time":9.662871967,"remaining_time":8.812982654},
{"learn":[0.1215045514],"iteration":523,"passed_time":9.677948248,"remaining_time":8.791418638},
{"learn":[0.121392529],"iteration":524,"passed_time":9.694232375,"remaining_time":8.770972149},
{"learn":[0.1212759419],"iteration":525,"passed_time":9.710380946,"remaining_time":8.750419332},
{"learn":[0.1212263372],"iteration":526,"passed_time":9.725189955,"remaining_time":8.728680928},
{"learn":[0.1210300078],"iteration":527,"passed_time":9.739462181,"remaining_time":8.706488919},
{"learn":[0.1209411483],"iteration":528,"passed_time":9.75358502,"remaining_time":8.684193846},
{"learn":[0.1206567649],"iteration":529,"passed_time":9.76887643,"remaining_time":8.662965891},
{"learn":[0.1204270752],"iteration":530,"passed_time":9.784763707,"remaining_time":8.642286588},
{"learn":[0.120046054],"iteration":531,"passed_time":9.800237338,"remaining_time":8.621261418},
{"learn":[0.1198040601],"iteration":532,"passed_time":9.815879056,"remaining_time":8.600404351},
{"learn":[0.1195582275],"iteration":533,"passed_time":9.831496452,"remaining_time":8.579545593},
{"learn":[0.1194619387],"iteration":534,"passed_time":9.846048447,"remaining_time":8.557780426},
{"learn":[0.119375335],"iteration":535,"passed_time":9.86260332,"remaining_time":8.537776009},
{"learn":[0.1189254194],"iteration":536,"passed_time":9.87968362,"remaining_time":8.51823746},
{"learn":[0.1187790396],"iteration":537,"passed_time":9.895918738,"remaining_time":8.497982262},
{"learn":[0.1186549187],"iteration":538,"passed_time":9.91248042,"remaining_time":8.478021287},
{"learn":[0.1185260618],"iteration":539,"passed_time":9.929438667,"remaining_time":8.458410717},
{"learn":[0.1183947177],"iteration":540,"passed_time":9.946327327,"remaining_time":8.438750912},
{"learn":[0.1181306502],"iteration":541,"passed_time":9.965532972,"remaining_time":8.421059227},
{"learn":[0.1178343857],"iteration":542,"passed_time":9.980466157,"remaining_time":8.399766176},
{"learn":[0.1177690007],"iteration":543,"passed_time":9.996817961,"remaining_time":8.379685644},
{"learn":[0.1175302649],"iteration":544,"passed_time":10.01461296,"remaining_time":8.360823662},
{"learn":[0.1171334392],"iteration":545,"passed_time":10.03166356,"remaining_time":8.34134662},
{"learn":[0.1168285875],"iteration":546,"passed_time":10.04943806,"remaining_time":8.322477951},
{"learn":[0.1166507818],"iteration":547,"passed_time":10.06593922,"remaining_time":8.302563009},
{"learn":[0.1163912235],"iteration":548,"passed_time":10.08270267,"remaining_time":8.282875963},
{"learn":[0.1162817639],"iteration":549,"passed_time":10.10047371,"remaining_time":8.264023946},
{"learn":[0.1159940672],"iteration":550,"passed_time":10.11863981,"remaining_time":8.245497775},
{"learn":[0.1158716282],"iteration":551,"passed_time":10.13564903,"remaining_time":8.226033999},
{"learn":[0.1156873036],"iteration":552,"passed_time":10.15300958,"remaining_time":8.206863077},
{"learn":[0.1154532339],"iteration":553,"passed_time":10.17022968,"remaining_time":8.187585624},
{"learn":[0.115356716],"iteration":554,"passed_time":10.18660481,"remaining_time":8.167638094},
{"learn":[0.1150075589],"iteration":555,"passed_time":10.20422408,"remaining_time":8.148696926},
{"learn":[0.1148446826],"iteration":556,"passed_time":10.22176576,"remaining_time":8.129698799},
{"learn":[0.1147191334],"iteration":557,"passed_time":10.239265,"remaining_time":8.110672273},
{"learn":[0.1145722307],"iteration":558,"passed_time":10.25627593,"remaining_time":8.091265981},
{"learn":[0.1144001193],"iteration":559,"passed_time":10.27452891,"remaining_time":8.07284414},
{"learn":[0.1142987694],"iteration":560,"passed_time":10.28940742,"remaining_time":8.051782278},
{"learn":[0.1139904545],"iteration":561,"passed_time":10.30538281,"remaining_time":8.031597276},
{"learn":[0.1139072765],"iteration":562,"passed_time":10.32302506,"remaining_time":8.012721049},
{"learn":[0.1136924458],"iteration":563,"passed_time":10.34361799,"remaining_time":7.996130219},
{"learn":[0.1135353788],"iteration":564,"passed_time":10.36004398,"remaining_time":7.976317049},
{"learn":[0.1134713357],"iteration":565,"passed_time":10.37667939,"remaining_time":7.956676425},
{"learn":[0.1133162223],"iteration":566,"passed_time":10.3916406,"remaining_time":7.935767866},
{"learn":[0.1132647608],"iteration":567,"passed_time":10.40739327,"remaining_time":7.915482204},
{"learn":[0.1130717625],"iteration":568,"passed_time":10.42433971,"remaining_time":7.896116723},
{"learn":[0.1128734343],"iteration":569,"passed_time":10.44099037,"remaining_time":7.876536591},
{"learn":[0.112641412],"iteration":570,"passed_time":10.45828415,"remaining_time":7.85744991},
{"learn":[0.1125226573],"iteration":571,"passed_time":10.47562629,"remaining_time":7.838405686},
{"learn":[0.1122549996],"iteration":572,"passed_time":10.49216034,"remaining_time":7.818765211},
{"learn":[0.1122046366],"iteration":573,"passed_time":10.51003142,"remaining_time":7.80012785},
{"learn":[0.1121355677],"iteration":574,"passed_time":10.52772084,"remaining_time":7.781358882},
{"learn":[0.111960718],"iteration":575,"passed_time":10.54479463,"remaining_time":7.76214049},
{"learn":[0.1117550085],"iteration":576,"passed_time":10.56277531,"remaining_time":7.743594377},
{"learn":[0.1116788455],"iteration":577,"passed_time":10.57851292,"remaining_time":7.723412544},
{"learn":[0.1114769565],"iteration":578,"passed_time":10.59928961,"remaining_time":7.706910062},
{"learn":[0.1112712447],"iteration":579,"passed_time":10.63339332,"remaining_time":7.700043437},
{"learn":[0.111055315],"iteration":580,"passed_time":10.66757461,"remaining_time":7.693139006},
{"learn":[0.1109883177],"iteration":581,"passed_time":10.69167995,"remaining_time":7.678904157},
{"learn":[0.1109053578],"iteration":582,"passed_time":10.71449472,"remaining_time":7.663712349},
{"learn":[0.1107754062],"iteration":583,"passed_time":10.73912857,"remaining_time":7.649790213},
{"learn":[0.1106355686],"iteration":584,"passed_time":10.76067157,"remaining_time":7.633638808},
{"learn":[0.1105322471],"iteration":585,"passed_time":10.78057863,"remaining_time":7.616313227},
{"learn":[0.1104698821],"iteration":586,"passed_time":10.7987017,"remaining_time":7.597723684},
{"learn":[0.1102434462],"iteration":587,"passed_time":10.81763783,"remaining_time":7.579705422},
{"learn":[0.1101458472],"iteration":588,"passed_time":10.83617167,"remaining_time":7.561403322},
{"learn":[0.1100200777],"iteration":589,"passed_time":10.85507119,"remaining_time":7.543354555},
{"learn":[0.109724962],"iteration":590,"passed_time":10.8739525,"remaining_time":7.525290309},
{"learn":[0.1096354557],"iteration":591,"passed_time":10.89024978,"remaining_time":7.505442416},
{"learn":[0.1094978029],"iteration":592,"passed_time":10.90646008,"remaining_time":7.485546799},
{"learn":[0.1092470308],"iteration":593,"passed_time":10.92428666,"remaining_time":7.466768323},
{"learn":[0.1091373114],"iteration":594,"passed_time":10.94173774,"remaining_time":7.447737455},
{"learn":[0.1089547049],"iteration":595,"passed_time":10.95909914,"remaining_time":7.428651093},
{"learn":[0.1088169904],"iteration":596,"passed_time":10.97620119,"remaining_time":7.409395445},
{"learn":[0.1086070067],"iteration":597,"passed_time":10.99382023,"remaining_time":7.390494539},
{"learn":[0.108506925],"iteration":598,"passed_time":11.01108769,"remaining_time":7.371362542},
{"learn":[0.108371456],"iteration":599,"passed_time":11.02753978,"remaining_time":7.351693186},
{"learn":[0.1080832338],"iteration":600,"passed_time":11.04518819,"remaining_time":7.332828762},
{"learn":[0.1080053347],"iteration":601,"passed_time":11.06333378,"remaining_time":7.314297081},
{"learn":[0.1078880144],"iteration":602,"passed_time":11.08050931,"remaining_time":7.295128023},
{"learn":[0.1076863801],"iteration":603,"passed_time":11.09743549,"remaining_time":7.275802077},
{"learn":[0.1075723372],"iteration":604,"passed_time":11.11509953,"remaining_time":7.256965809},
{"learn":[0.107471022],"iteration":605,"passed_time":11.13272463,"remaining_time":7.238108092},
{"learn":[0.1072437488],"iteration":606,"passed_time":11.15018144,"remaining_time":7.219145481},
{"learn":[0.1069915267],"iteration":607,"passed_time":11.16677028,"remaining_time":7.199628208},
{"learn":[0.106783253],"iteration":608,"passed_time":11.18362077,"remaining_time":7.18028854},
{"learn":[0.1066374022],"iteration":609,"passed_time":11.20077505,"remaining_time":7.161151259},
{"learn":[0.1065447849],"iteration":610,"passed_time":11.21752859,"remaining_time":7.141765336},
{"learn":[0.1063009526],"iteration":611,"passed_time":11.23756184,"remaining_time":7.124467309},
{"learn":[0.10613095],"iteration":612,"passed_time":11.25490484,"remaining_time":7.105461946},
{"learn":[0.1059410315],"iteration":613,"passed_time":11.27245412,"remaining_time":7.086591679},
{"learn":[0.1058233594],"iteration":614,"passed_time":11.28864697,"remaining_time":7.066876557},
{"learn":[0.1056465519],"iteration":615,"passed_time":11.31019048,"remaining_time":7.050508354},
{"learn":[0.1053602187],"iteration":616,"passed_time":11.3312337,"remaining_time":7.033812817},
{"learn":[0.1052534713],"iteration":617,"passed_time":11.34799681,"remaining_time":7.014457575},
{"learn":[0.1051583866],"iteration":618,"passed_time":11.3635299,"remaining_time":6.994353624},
{"learn":[0.1050672127],"iteration":619,"passed_time":11.37888819,"remaining_time":6.974157281},
{"learn":[0.1049347413],"iteration":620,"passed_time":11.39638299,"remaining_time":6.955280441},
{"learn":[0.1048356745],"iteration":621,"passed_time":11.41598843,"remaining_time":6.93769072},
{"learn":[0.1047234],"iteration":622,"passed_time":11.43434266,"remaining_time":6.919337374},
{"learn":[0.1046690714],"iteration":623,"passed_time":11.45081944,"remaining_time":6.899852738},
{"learn":[0.1046298745],"iteration":624,"passed_time":11.46841859,"remaining_time":6.881051157},
{"learn":[0.1045420256],"iteration":625,"passed_time":11.4851257,"remaining_time":6.861720465},
{"learn":[0.1042172594],"iteration":626,"passed_time":11.50400618,"remaining_time":6.843691078},
{"learn":[0.1041407542],"iteration":627,"passed_time":11.5214943,"remaining_time":6.824834203},
{"learn":[0.1040622911],"iteration":628,"passed_time":11.53981581,"remaining_time":6.806473239},
{"learn":[0.103976028],"iteration":629,"passed_time":11.55716212,"remaining_time":6.787539655},
{"learn":[0.1039088368],"iteration":630,"passed_time":11.57898802,"remaining_time":6.771230709},
{"learn":[0.1038115796],"iteration":631,"passed_time":11.59732216,"remaining_time":6.752871129},
{"learn":[0.1037314119],"iteration":632,"passed_time":11.61443271,"remaining_time":6.733802219},
{"learn":[0.1035586287],"iteration":633,"passed_time":11.63363874,"remaining_time":6.71594918},
{"learn":[0.1034019095],"iteration":634,"passed_time":11.65217482,"remaining_time":6.697706788},
{"learn":[0.1031635137],"iteration":635,"passed_time":11.67033228,"remaining_time":6.679246774},
{"learn":[0.1030470723],"iteration":636,"passed_time":11.68775081,"remaining_time":6.66036663},
{"learn":[0.1028599821],"iteration":637,"passed_time":11.70740417,"remaining_time":6.642759108},
{"learn":[0.102718678],"iteration":638,"passed_time":11.72443472,"remaining_time":6.623663434},
{"learn":[0.1026132005],"iteration":639,"passed_time":11.74344041,"remaining_time":6.605685228},
{"learn":[0.1024881934],"iteration":640,"passed_time":11.75944157,"remaining_time":6.586021098},
{"learn":[0.1024113998],"iteration":641,"passed_time":11.77668472,"remaining_time":6.567060952},
{"learn":[0.1022231668],"iteration":642,"passed_time":11.79347553,"remaining_time":6.547854997},
{"learn":[0.102075111],"iteration":643,"passed_time":11.81168021,"remaining_time":6.52943813},
{"learn":[0.1019101557],"iteration":644,"passed_time":11.82751999,"remaining_time":6.509720304},
{"learn":[0.1018199205],"iteration":645,"passed_time":11.84524595,"remaining_time":6.49104809},
{"learn":[0.1017225041],"iteration":646,"passed_time":11.86200633,"remaining_time":6.471851987},
{"learn":[0.101550497],"iteration":647,"passed_time":11.87709917,"remaining_time":6.451757574},
{"learn":[0.1013237856],"iteration":648,"passed_time":11.89402084,"remaining_time":6.432667667},
{"learn":[0.1011343568],"iteration":649,"passed_time":11.90964265,"remaining_time":6.412884502},
{"learn":[0.1010261815],"iteration":650,"passed_time":11.92537687,"remaining_time":6.393174388},
{"learn":[0.1008478478],"iteration":651,"passed_time":11.9429599,"remaining_time":6.374463261},
{"learn":[0.1006373529],"iteration":652,"passed_time":11.95966921,"remaining_time":6.355291295},
{"learn":[0.1005999925],"iteration":653,"passed_time":11.97378288,"remaining_time":6.334753633},
{"learn":[0.1005032607],"iteration":654,"passed_time":11.98919418,"remaining_time":6.31491907},
{"learn":[0.1002215474],"iteration":655,"passed_time":12.00391186,"remaining_time":6.294734266},
{"learn":[0.1000023865],"iteration":656,"passed_time":12.02060095,"remaining_time":6.27559532},
{"learn":[0.09991076194],"iteration":657,"passed_time":12.03507498,"remaining_time":6.255312526},
{"learn":[0.09981806938],"iteration":658,"passed_time":12.04976803,"remaining_time":6.235160695},
{"learn":[0.09970637572],"iteration":659,"passed_time":12.0644123,"remaining_time":6.215000274},
{"learn":[0.09952489816],"iteration":660,"passed_time":12.08071607,"remaining_time":6.195707636},
{"learn":[0.09940374222],"iteration":661,"passed_time":12.09664623,"remaining_time":6.176233272},
{"learn":[0.0993707385],"iteration":662,"passed_time":12.11305636,"remaining_time":6.157013565},
{"learn":[0.09930302725],"iteration":663,"passed_time":12.12989083,"remaining_time":6.138017045},
{"learn":[0.09902323501],"iteration":664,"passed_time":12.14843426,"remaining_time":6.119887934},
{"learn":[0.09895208142],"iteration":665,"passed_time":12.16634988,"remaining_time":6.101442734},
{"learn":[0.09879864849],"iteration":666,"passed_time":12.183881,"remaining_time":6.082807158},
{"learn":[0.09844963014],"iteration":667,"passed_time":12.20179233,"remaining_time":6.064363855},
{"learn":[0.09839263727],"iteration":668,"passed_time":12.21693719,"remaining_time":6.044553377},
{"learn":[0.09806912834],"iteration":669,"passed_time":12.23406771,"remaining_time":6.025734841},
{"learn":[0.09799913524],"iteration":670,"passed_time":12.25179913,"remaining_time":6.007215964},
{"learn":[0.09787822048],"iteration":671,"passed_time":12.26916382,"remaining_time":5.988520438},
{"learn":[0.0976636954],"iteration":672,"passed_time":12.28677637,"remaining_time":5.969949294},
{"learn":[0.0975543827],"iteration":673,"passed_time":12.30370391,"remaining_time":5.951049665},
{"learn":[0.09749012313],"iteration":674,"passed_time":12.32246815,"remaining_time":5.933040219},
{"learn":[0.09736506598],"iteration":675,"passed_time":12.34008199,"remaining_time":5.914477168},
{"learn":[0.0971243213],"iteration":676,"passed_time":12.35562314,"remaining_time":5.894928028},
{"learn":[0.0969642665],"iteration":677,"passed_time":12.37229034,"remaining_time":5.875925503},
{"learn":[0.09675571602],"iteration":678,"passed_time":12.39011182,"remaining_time":5.857475544},
{"learn":[0.09667715447],"iteration":679,"passed_time":12.40562974,"remaining_time":5.837943405},
{"learn":[0.09663427102],"iteration":680,"passed_time":12.42129857,"remaining_time":5.818493749},
{"learn":[0.09649114889],"iteration":681,"passed_time":12.43751425,"remaining_time":5.799310162},
{"learn":[0.09640878814],"iteration":682,"passed_time":12.45332388,"remaining_time":5.779946807},
{"learn":[0.09629845102],"iteration":683,"passed_time":12.46881757,"remaining_time":5.760447882},
{"learn":[0.09615123669],"iteration":684,"passed_time":12.48331617,"remaining_time":5.740503057},
{"learn":[0.09601164354],"iteration":685,"passed_time":12.50139971,"remaining_time":5.722215029},
{"learn":[0.09591051435],"iteration":686,"passed_time":12.51855868,"remaining_time":5.703506356},
{"learn":[0.09578696703],"iteration":687,"passed_time":12.5362234,"remaining_time":5.685031541},
{"learn":[0.09571323608],"iteration":688,"passed_time":12.55326805,"remaining_time":5.666279191},
{"learn":[0.09563530819],"iteration":689,"passed_time":12.57057288,"remaining_time":5.647648687},
{"learn":[0.09544777045],"iteration":690,"passed_time":12.58845278,"remaining_time":5.629279174},
{"learn":[0.09535873692],"iteration":691,"passed_time":12.6048705,"remaining_time":5.610260281},
{"learn":[0.09517739684],"iteration":692,"passed_time":12.6233225,"remaining_time":5.592150082},
{"learn":[0.0951035827],"iteration":693,"passed_time":12.64000037,"remaining_time":5.573256647},
{"learn":[0.09504848597],"iteration":694,"passed_time":12.65611259,"remaining_time":5.554121351},
{"learn":[0.09495068987],"iteration":695,"passed_time":12.67323894,"remaining_time":5.535437699},
{"learn":[0.09488824421],"iteration":696,"passed_time":12.69088887,"remaining_time":5.516986125},
{"learn":[0.09479398055],"iteration":697,"passed_time":12.70809164,"remaining_time":5.498343373},
{"learn":[0.09472194329],"iteration":698,"passed_time":12.7254253,"remaining_time":5.479761108},
{"learn":[0.09463253961],"iteration":699,"passed_time":12.74183224,"remaining_time":5.460785247},
{"learn":[0.09453696515],"iteration":700,"passed_time":12.75905827,"remaining_time":5.442166083},
{"learn":[0.09440805169],"iteration":701,"passed_time":12.77574462,"remaining_time":5.423321792},
{"learn":[0.09434398949],"iteration":702,"passed_time":12.7932581,"remaining_time":5.404833082},
{"learn":[0.09420794019],"iteration":703,"passed_time":12.81043692,"remaining_time":5.386206434},
{"learn":[0.09410032989],"iteration":704,"passed_time":12.82584138,"remaining_time":5.366841428},
{"learn":[0.09404977675],"iteration":705,"passed_time":12.84398062,"remaining_time":5.34862649},
{"learn":[0.09395066145],"iteration":706,"passed_time":12.86474309,"remaining_time":5.331498905},
{"learn":[0.09381494597],"iteration":707,"passed_time":12.89352202,"remaining_time":5.317667275},
{"learn":[0.09374516242],"iteration":708,"passed_time":12.91255425,"remaining_time":5.299793071},
{"learn":[0.093641443],"iteration":709,"passed_time":12.92858339,"remaining_time":5.280688989},
{"learn":[0.09340721605],"iteration":710,"passed_time":12.94406214,"remaining_time":5.261369842},
{"learn":[0.09330480543],"iteration":711,"passed_time":12.96110682,"remaining_time":5.242694892},
{"learn":[0.09311483785],"iteration":712,"passed_time":12.97833383,"remaining_time":5.224097911},
{"learn":[0.09303459829],"iteration":713,"passed_time":12.9973034,"remaining_time":5.206202763},
{"learn":[0.09289917351],"iteration":714,"passed_time":13.01492846,"remaining_time":5.187768686},
{"learn":[0.09285236197],"iteration":715,"passed_time":13.02847037,"remaining_time":5.167717296},
{"learn":[0.09263684946],"iteration":716,"passed_time":13.04413915,"remaining_time":5.148523544},
{"learn":[0.09253435373],"iteration":717,"passed_time":13.0597904,"remaining_time":5.12933272},
{"learn":[0.09244694322],"iteration":718,"passed_time":13.07681817,"remaining_time":5.110689716},
{"learn":[0.09239831344],"iteration":719,"passed_time":13.09441189,"remaining_time":5.092271291},
{"learn":[0.09232047629],"iteration":720,"passed_time":13.10976529,"remaining_time":5.072988234},
{"learn":[0.09214370582],"iteration":721,"passed_time":13.12763498,"remaining_time":5.054684935},
{"learn":[0.09201082581],"iteration":722,"passed_time":13.14560413,"remaining_time":5.036420946},
{"learn":[0.09182390418],"iteration":723,"passed_time":13.16428481,"remaining_time":5.018429014},
{"learn":[0.09179429925],"iteration":724,"passed_time":13.18104261,"remaining_time":4.999705818},
{"learn":[0.0915112128],"iteration":725,"passed_time":13.19878082,"remaining_time":4.981358052},
{"learn":[0.09116895523],"iteration":726,"passed_time":13.21929646,"remaining_time":4.964054928},
{"learn":[0.09109579607],"iteration":727,"passed_time":13.23626319,"remaining_time":4.945417015},
{"learn":[0.09099576395],"iteration":728,"passed_time":13.25432656,"remaining_time":4.927191353},
{"learn":[0.09091900427],"iteration":729,"passed_time":13.27120246,"remaining_time":4.908526936},
{"learn":[0.09084333748],"iteration":730,"passed_time":13.28800606,"remaining_time":4.889840807},
{"learn":[0.09069070948],"iteration":731,"passed_time":13.30617653,"remaining_time":4.871660259},
{"learn":[0.09044286865],"iteration":732,"passed_time":13.32379231,"remaining_time":4.853277689},
{"learn":[0.09016625251],"iteration":733,"passed_time":13.34057835,"remaining_time":4.834596514},
{"learn":[0.09007855928],"iteration":734,"passed_time":13.35839566,"remaining_time":4.816292315},
{"learn":[0.08994806085],"iteration":735,"passed_time":13.37518944,"remaining_time":4.7976223},
{"learn":[0.08965920994],"iteration":736,"passed_time":13.39223617,"remaining_time":4.779047645},
{"learn":[0.08935552802],"iteration":737,"passed_time":13.40989614,"remaining_time":4.760694837},
{"learn":[0.08923706922],"iteration":738,"passed_time":13.42783385,"remaining_time":4.742441994},
{"learn":[0.08914896734],"iteration":739,"passed_time":13.44512876,"remaining_time":4.72396416},
{"learn":[0.08908024796],"iteration":740,"passed_time":13.45938124,"remaining_time":4.704426102},
{"learn":[0.08903608348],"iteration":741,"passed_time":13.47377335,"remaining_time":4.684950843},
{"learn":[0.08898182744],"iteration":742,"passed_time":13.49012162,"remaining_time":4.666165891},
{"learn":[0.088796949],"iteration":743,"passed_time":13.5078292,"remaining_time":4.647855209},
{"learn":[0.08867770918],"iteration":744,"passed_time":13.5250325,"remaining_time":4.62937354},
{"learn":[0.08851965701],"iteration":745,"passed_time":13.54233408,"remaining_time":4.610928762},
{"learn":[0.08833663345],"iteration":746,"passed_time":13.56030346,"remaining_time":4.592713221},
{"learn":[0.08818778117],"iteration":747,"passed_time":13.58085554,"remaining_time":4.575368443},
{"learn":[0.0881484322],"iteration":748,"passed_time":13.59601256,"remaining_time":4.556207147},
{"learn":[0.08810808124],"iteration":749,"passed_time":13.61094659,"remaining_time":4.536982197},
{"learn":[0.08797438826],"iteration":750,"passed_time":13.62963924,"remaining_time":4.519014873},
{"learn":[0.08791544466],"iteration":751,"passed_time":13.64633261,"remaining_time":4.500386285},
{"learn":[0.08783133534],"iteration":752,"passed_time":13.66365927,"remaining_time":4.48197057},
{"learn":[0.08770758905],"iteration":753,"passed_time":13.68141594,"remaining_time":4.463698039},
{"learn":[0.0876456238],"iteration":754,"passed_time":13.69916274,"remaining_time":4.44542367},
{"learn":[0.08758197513],"iteration":755,"passed_time":13.71626783,"remaining_time":4.426943585},
{"learn":[0.08754790401],"iteration":756,"passed_time":13.73262957,"remaining_time":4.408228514},
{"learn":[0.08751782739],"iteration":757,"passed_time":13.74857049,"remaining_time":4.389385301},
{"learn":[0.08741989857],"iteration":758,"passed_time":13.76552373,"remaining_time":4.370871172},
{"learn":[0.08735807753],"iteration":759,"passed_time":13.78232167,"remaining_time":4.352312107},
{"learn":[0.08721429583],"iteration":760,"passed_time":13.7988454,"remaining_time":4.333671553},
{"learn":[0.08718757957],"iteration":761,"passed_time":13.81470102,"remaining_time":4.314827879},
{"learn":[0.08715614409],"iteration":762,"passed_time":13.83096071,"remaining_time":4.296117547},
{"learn":[0.08701270708],"iteration":763,"passed_time":13.84785727,"remaining_time":4.27761036},
{"learn":[0.08687291263],"iteration":764,"passed_time":13.86539365,"remaining_time":4.259303932},
{"learn":[0.08678938139],"iteration":765,"passed_time":13.88214981,"remaining_time":4.240761169},
{"learn":[0.08666456693],"iteration":766,"passed_time":13.90067691,"remaining_time":4.222761043},
{"learn":[0.08643465338],"iteration":767,"passed_time":13.91643899,"remaining_time":4.203924278},
{"learn":[0.08617561963],"iteration":768,"passed_time":13.93369835,"remaining_time":4.185545279},
{"learn":[0.08604444964],"iteration":769,"passed_time":13.95081254,"remaining_time":4.167125823},
{"learn":[0.08595677054],"iteration":770,"passed_time":13.97041999,"remaining_time":4.149450294},
{"learn":[0.08590152694],"iteration":771,"passed_time":13.98857038,"remaining_time":4.131339438},
{"learn":[0.08585149709],"iteration":772,"passed_time":14.0058803,"remaining_time":4.112981665},
{"learn":[0.08579284728],"iteration":773,"passed_time":14.02539427,"remaining_time":4.095270162},
{"learn":[0.08571667347],"iteration":774,"passed_time":14.04466212,"remaining_time":4.07748255},
{"learn":[0.08565119806],"iteration":775,"passed_time":14.06247753,"remaining_time":4.059271865},
{"learn":[0.08551766529],"iteration":776,"passed_time":14.08070261,"remaining_time":4.04117977},
{"learn":[0.0854732436],"iteration":777,"passed_time":14.09825192,"remaining_time":4.022894506},
{"learn":[0.08529791296],"iteration":778,"passed_time":14.11824491,"remaining_time":4.005304398},
{"learn":[0.085157361],"iteration":779,"passed_time":14.13748222,"remaining_time":3.987494985},
{"learn":[0.08509222815],"iteration":780,"passed_time":14.15802329,"remaining_time":3.970047505},
{"learn":[0.08504997272],"iteration":781,"passed_time":14.17697198,"remaining_time":3.952148199},
{"learn":[0.08494716806],"iteration":782,"passed_time":14.19768929,"remaining_time":3.934736369},
{"learn":[0.08480867919],"iteration":783,"passed_time":14.21753561,"remaining_time":3.917076136},
{"learn":[0.084671828],"iteration":784,"passed_time":14.23812193,"remaining_time":3.899613013},
{"learn":[0.08463459919],"iteration":785,"passed_time":14.25431571,"remaining_time":3.880946007},
{"learn":[0.08456744795],"iteration":786,"passed_time":14.27496086,"remaining_time":3.863490043},
{"learn":[0.08441343929],"iteration":787,"passed_time":14.29472133,"remaining_time":3.845787971},
{"learn":[0.08428662749],"iteration":788,"passed_time":14.31315094,"remaining_time":3.827724775},
{"learn":[0.08420603693],"iteration":789,"passed_time":14.33829465,"remaining_time":3.811445414},
{"learn":[0.08389519618],"iteration":790,"passed_time":14.38115552,"remaining_time":3.79982491},
{"learn":[0.08376716556],"iteration":791,"passed_time":14.41147348,"remaining_time":3.784831418},
{"learn":[0.08368036919],"iteration":792,"passed_time":14.43453923,"remaining_time":3.767906206},
{"learn":[0.08359652168],"iteration":793,"passed_time":14.4589858,"remaining_time":3.751323771},
{"learn":[0.08354130966],"iteration":794,"passed_time":14.48242317,"remaining_time":3.734461321},
{"learn":[0.08349915809],"iteration":795,"passed_time":14.49880689,"remaining_time":3.715774629},
{"learn":[0.08340158754],"iteration":796,"passed_time":14.51707525,"remaining_time":3.697573746},
{"learn":[0.08323096341],"iteration":797,"passed_time":14.53478776,"remaining_time":3.679231988},
{"learn":[0.08303171687],"iteration":798,"passed_time":14.55141114,"remaining_time":3.66061782},
{"learn":[0.08288871628],"iteration":799,"passed_time":14.57625379,"remaining_time":3.644063447},
{"learn":[0.08283179792],"iteration":800,"passed_time":14.59230031,"remaining_time":3.625303074},
{"learn":[0.08266850534],"iteration":801,"passed_time":14.61052613,"remaining_time":3.607087498},
{"learn":[0.08260583542],"iteration":802,"passed_time":14.62808032,"remaining_time":3.588707127},
{"learn":[0.08252016517],"iteration":803,"passed_time":14.64642275,"remaining_time":3.570520968},
{"learn":[0.0824594124],"iteration":804,"passed_time":14.66603275,"remaining_time":3.552641474},
{"learn":[0.08242768131],"iteration":805,"passed_time":14.68277974,"remaining_time":3.534068572},
{"learn":[0.08232810434],"iteration":806,"passed_time":14.70170169,"remaining_time":3.516020354},
{"learn":[0.08219911371],"iteration":807,"passed_time":14.72181342,"remaining_time":3.498252694},
{"learn":[0.08213478022],"iteration":808,"passed_time":14.73921104,"remaining_time":3.479838453},
{"learn":[0.08190787183],"iteration":809,"passed_time":14.7574097,"remaining_time":3.46161462},
{"learn":[0.08169085973],"iteration":810,"passed_time":14.77513087,"remaining_time":3.443279575},
{"learn":[0.08162176909],"iteration":811,"passed_time":14.79507685,"remaining_time":3.425461143},
{"learn":[0.0815459451],"iteration":812,"passed_time":14.81514518,"remaining_time":3.407665619},
{"learn":[0.08146259701],"iteration":813,"passed_time":14.83287089,"remaining_time":3.389329221},
{"learn":[0.081385552],"iteration":814,"passed_time":14.85012418,"remaining_time":3.370887083},
{"learn":[0.08110261951],"iteration":815,"passed_time":14.86758523,"remaining_time":3.352494709},
{"learn":[0.0809767364],"iteration":816,"passed_time":14.88427579,"remaining_time":3.333932032},
{"learn":[0.08090487785],"iteration":817,"passed_time":14.89983884,"remaining_time":3.315123067},
{"learn":[0.0808036675],"iteration":818,"passed_time":14.91711968,"remaining_time":3.296701664},
{"learn":[0.08071612637],"iteration":819,"passed_time":14.93353886,"remaining_time":3.278093896},
{"learn":[0.08066950693],"iteration":820,"passed_time":14.95208107,"remaining_time":3.259954338},
{"learn":[0.08049364918],"iteration":821,"passed_time":14.97391122,"remaining_time":3.242525787},
{"learn":[0.08045144309],"iteration":822,"passed_time":14.99035647,"remaining_time":3.223928426},
{"learn":[0.08037919114],"iteration":823,"passed_time":15.00750862,"remaining_time":3.205487279},
{"learn":[0.08020801143],"iteration":824,"passed_time":15.0236824,"remaining_time":3.186841722},
{"learn":[0.08008736712],"iteration":825,"passed_time":15.04044915,"remaining_time":3.168327061},
{"learn":[0.08002879484],"iteration":826,"passed_time":15.05705495,"remaining_time":3.149782957},
{"learn":[0.07995881716],"iteration":827,"passed_time":15.07397038,"remaining_time":3.131307858},
{"learn":[0.07983819592],"iteration":828,"passed_time":15.0919341,"remaining_time":3.113052751},
{"learn":[0.07978145763],"iteration":829,"passed_time":15.10803063,"remaining_time":3.094415911},
{"learn":[0.07973632431],"iteration":830,"passed_time":15.12440806,"remaining_time":3.075842313},
{"learn":[0.07962061928],"iteration":831,"passed_time":15.14230305,"remaining_time":3.057580424},
{"learn":[0.07957396178],"iteration":832,"passed_time":15.16110081,"remaining_time":3.039500403},
{"learn":[0.07948965303],"iteration":833,"passed_time":15.17796317,"remaining_time":3.021033437},
{"learn":[0.07945745761],"iteration":834,"passed_time":15.19488437,"remaining_time":3.002581942},
{"learn":[0.07940439399],"iteration":835,"passed_time":15.21285937,"remaining_time":2.984340833},
{"learn":[0.07935918209],"iteration":836,"passed_time":15.22924972,"remaining_time":2.965791761},
{"learn":[0.07919465484],"iteration":837,"passed_time":15.24845422,"remaining_time":2.947791866},
{"learn":[0.07904655758],"iteration":838,"passed_time":15.26510413,"remaining_time":2.929298886},
{"learn":[0.07888535451],"iteration":839,"passed_time":15.2828837,"remaining_time":2.911025466},
{"learn":[0.07881172243],"iteration":840,"passed_time":15.3006254,"remaining_time":2.892746063},
{"learn":[0.07876622543],"iteration":841,"passed_time":15.31810142,"remaining_time":2.874418081},
{"learn":[0.07862666605],"iteration":842,"passed_time":15.33610276,"remaining_time":2.856189956},
{"learn":[0.07857143736],"iteration":843,"passed_time":15.35303683,"remaining_time":2.837765102},
{"learn":[0.07852091668],"iteration":844,"passed_time":15.36970461,"remaining_time":2.819294928},
{"learn":[0.07836231946],"iteration":845,"passed_time":15.38693393,"remaining_time":2.800931236},
{"learn":[0.07831222278],"iteration":846,"passed_time":15.4037721,"remaining_time":2.782499564},
{"learn":[0.07825402531],"iteration":847,"passed_time":15.4202482,"remaining_time":2.764006752},
{"learn":[0.07813245417],"iteration":848,"passed_time":15.43790924,"remaining_time":2.745729441},
{"learn":[0.07801835151],"iteration":849,"passed_time":15.45529239,"remaining_time":2.72740454},
{"learn":[0.07790030793],"iteration":850,"passed_time":15.47375391,"remaining_time":2.709270661},
{"learn":[0.07771103866],"iteration":851,"passed_time":15.49284871,"remaining_time":2.69124602},
{"learn":[0.07764635035],"iteration":852,"passed_time":15.50941825,"remaining_time":2.672783684},
{"learn":[0.07751698137],"iteration":853,"passed_time":15.52714366,"remaining_time":2.65452339},
{"learn":[0.0774463769],"iteration":854,"passed_time":15.54397328,"remaining_time":2.636112428},
{"learn":[0.07735738127],"iteration":855,"passed_time":15.5626736,"remaining_time":2.618019858},
{"learn":[0.07729592277],"iteration":856,"passed_time":15.5786155,"remaining_time":2.599465598},
{"learn":[0.0772168698],"iteration":857,"passed_time":15.59806719,"remaining_time":2.581498299},
{"learn":[0.07715111379],"iteration":858,"passed_time":15.61503665,"remaining_time":2.563120103},
{"learn":[0.07708660992],"iteration":859,"passed_time":15.6317031,"remaining_time":2.544695853},
{"learn":[0.07703370411],"iteration":860,"passed_time":15.64712536,"remaining_time":2.526074826},
{"learn":[0.07689734301],"iteration":861,"passed_time":15.66375701,"remaining_time":2.507654835},
{"learn":[0.07681848989],"iteration":862,"passed_time":15.68009879,"remaining_time":2.489192972},
{"learn":[0.0767324993],"iteration":863,"passed_time":15.69836248,"remaining_time":2.471038538},
{"learn":[0.0766770891],"iteration":864,"passed_time":15.71469855,"remaining_time":2.45258301},
{"learn":[0.07659408428],"iteration":865,"passed_time":15.73227475,"remaining_time":2.434324268},
{"learn":[0.07654635075],"iteration":866,"passed_time":15.74813599,"remaining_time":2.415804022},
{"learn":[0.07644019227],"iteration":867,"passed_time":15.76449723,"remaining_time":2.397365938},
{"learn":[0.07638401342],"iteration":868,"passed_time":15.7826694,"remaining_time":2.379205629},
{"learn":[0.07635176704],"iteration":869,"passed_time":15.79965921,"remaining_time":2.360868618},
{"learn":[0.07617230083],"iteration":870,"passed_time":15.81746518,"remaining_time":2.342655577},
{"learn":[0.07610805501],"iteration":871,"passed_time":15.83509306,"remaining_time":2.324417329},
{"learn":[0.07607185447],"iteration":872,"passed_time":15.85232732,"remaining_time":2.306123219},
{"learn":[0.07601380705],"iteration":873,"passed_time":15.87719797,"remaining_time":2.28893243},
{"learn":[0.07598343245],"iteration":874,"passed_time":15.92438638,"remaining_time":2.27491234},
{"learn":[0.07589975785],"iteration":875,"passed_time":15.94579355,"remaining_time":2.257167124},
{"learn":[0.075822905],"iteration":876,"passed_time":15.9660794,"remaining_time":2.23925629},
{"learn":[0.0757682188],"iteration":877,"passed_time":15.98920304,"remaining_time":2.221734363},
{"learn":[0.07562930476],"iteration":878,"passed_time":16.01264566,"remaining_time":2.204243601},
{"learn":[0.07551799745],"iteration":879,"passed_time":16.02890729,"remaining_time":2.185760086},
{"learn":[0.07549495076],"iteration":880,"passed_time":16.04623623,"remaining_time":2.167425779},
{"learn":[0.07539695358],"iteration":881,"passed_time":16.0659188,"remaining_time":2.149408637},
{"learn":[0.07530529428],"iteration":882,"passed_time":16.085361,"remaining_time":2.131355874},
{"learn":[0.0751635679],"iteration":883,"passed_time":16.10502325,"remaining_time":2.113328843},
{"learn":[0.07508694407],"iteration":884,"passed_time":16.12543466,"remaining_time":2.095395464},
{"learn":[0.07495720314],"iteration":885,"passed_time":16.14580479,"remaining_time":2.07745118},
{"learn":[0.07490058171],"iteration":886,"passed_time":16.16074056,"remaining_time":2.058809114},
{"learn":[0.07480999063],"iteration":887,"passed_time":16.17639972,"remaining_time":2.040266632},
{"learn":[0.07473042544],"iteration":888,"passed_time":16.19238405,"remaining_time":2.021771237},
{"learn":[0.07462891047],"iteration":889,"passed_time":16.20877608,"remaining_time":2.003331875},
{"learn":[0.07453347432],"iteration":890,"passed_time":16.22684357,"remaining_time":1.985102075},
{"learn":[0.07434371686],"iteration":891,"passed_time":16.24865543,"remaining_time":1.967325994},
{"learn":[0.07422719011],"iteration":892,"passed_time":16.26756475,"remaining_time":1.949193089},
{"learn":[0.07409697941],"iteration":893,"passed_time":16.28529911,"remaining_time":1.930919134},
{"learn":[0.07399919607],"iteration":894,"passed_time":16.30123035,"remaining_time":1.912434846},
{"learn":[0.07394524799],"iteration":895,"passed_time":16.31764692,"remaining_time":1.894012589},
{"learn":[0.07383808013],"iteration":896,"passed_time":16.3335604,"remaining_time":1.875537036},
{"learn":[0.0734300654],"iteration":897,"passed_time":16.35222669,"remaining_time":1.857379869},
{"learn":[0.07336780706],"iteration":898,"passed_time":16.36945212,"remaining_time":1.839059693},
{"learn":[0.07325344022],"iteration":899,"passed_time":16.39074993,"remaining_time":1.821194437},
{"learn":[0.07321149269],"iteration":900,"passed_time":16.40961321,"remaining_time":1.80305406},
{"learn":[0.07299807223],"iteration":901,"passed_time":16.4285115,"remaining_time":1.784915884},
{"learn":[0.07286752257],"iteration":902,"passed_time":16.44754815,"remaining_time":1.766790887},
{"learn":[0.07282571899],"iteration":903,"passed_time":16.46490216,"remaining_time":1.748485185},
{"learn":[0.07271334135],"iteration":904,"passed_time":16.48391879,"remaining_time":1.730356117},
{"learn":[0.0726781941],"iteration":905,"passed_time":16.50409582,"remaining_time":1.712345482},
{"learn":[0.07258886662],"iteration":906,"passed_time":16.52535357,"remaining_time":1.694440884},
{"learn":[0.07253066091],"iteration":907,"passed_time":16.54474688,"remaining_time":1.676339992},
{"learn":[0.07245961526],"iteration":908,"passed_time":16.56341698,"remaining_time":1.658163857},
{"learn":[0.07239098737],"iteration":909,"passed_time":16.5809922,"remaining_time":1.639878349},
{"learn":[0.07228336398],"iteration":910,"passed_time":16.60087735,"remaining_time":1.62182007},
{"learn":[0.07211871215],"iteration":911,"passed_time":16.62509152,"remaining_time":1.604175498},
{"learn":[0.07206089994],"iteration":912,"passed_time":16.6427358,"remaining_time":1.585890487},
{"learn":[0.07196944215],"iteration":913,"passed_time":16.66093711,"remaining_time":1.567659291},
{"learn":[0.07189367661],"iteration":914,"passed_time":16.67917298,"remaining_time":1.54943137},
{"learn":[0.07185646265],"iteration":915,"passed_time":16.69684936,"remaining_time":1.531152124},
{"learn":[0.07169947113],"iteration":916,"passed_time":16.71509017,"remaining_time":1.512925283},
{"learn":[0.07164799005],"iteration":917,"passed_time":16.73297052,"remaining_time":1.494666212},
{"learn":[0.07155407453],"iteration":918,"passed_time":16.7511549,"remaining_time":1.476434763},
{"learn":[0.07149823248],"iteration":919,"passed_time":16.76913908,"remaining_time":1.458186007},
{"learn":[0.0714507912],"iteration":920,"passed_time":16.78751285,"remaining_time":1.439971244},
{"learn":[0.07140236983],"iteration":921,"passed_time":16.80657377,"remaining_time":1.421814267},
{"learn":[0.0713556921],"iteration":922,"passed_time":16.82396954,"remaining_time":1.403516419},
{"learn":[0.07132153622],"iteration":923,"passed_time":16.84176174,"remaining_time":1.38525313},
{"learn":[0.07122006715],"iteration":924,"passed_time":16.86051411,"remaining_time":1.367068712},
{"learn":[0.07111326405],"iteration":925,"passed_time":16.87991059,"remaining_time":1.34893454},
{"learn":[0.07106621084],"iteration":926,"passed_time":16.89731643,"remaining_time":1.330640884},
{"learn":[0.07102910932],"iteration":927,"passed_time":16.91432969,"remaining_time":1.312318683},
{"learn":[0.07097485505],"iteration":928,"passed_time":16.9315919,"remaining_time":1.294018326},
{"learn":[0.07094712915],"iteration":929,"passed_time":16.9487711,"remaining_time":1.275713954},
{"learn":[0.07087242634],"iteration":930,"passed_time":16.967091,"remaining_time":1.257496541},
{"learn":[0.07077137059],"iteration":931,"passed_time":16.9846222,"remaining_time":1.239221362},
{"learn":[0.07066372231],"iteration":932,"passed_time":17.00282066,"remaining_time":1.220995696},
{"learn":[0.0706080164],"iteration":933,"passed_time":17.0195668,"remaining_time":1.202667461},
{"learn":[0.0705671101],"iteration":934,"passed_time":17.03740958,"remaining_time":1.184418848},
{"learn":[0.07047684226],"iteration":935,"passed_time":17.05539945,"remaining_time":1.166181159},
{"learn":[0.07037198566],"iteration":936,"passed_time":17.0729193,"remaining_time":1.147912397},
{"learn":[0.07032691374],"iteration":937,"passed_time":17.09201293,"remaining_time":1.129749256},
{"learn":[0.07027137025],"iteration":938,"passed_time":17.11115708,"remaining_time":1.111587414},
{"learn":[0.07020364205],"iteration":939,"passed_time":17.1305779,"remaining_time":1.093441142},
{"learn":[0.07013539002],"iteration":940,"passed_time":17.14958942,"remaining_time":1.075266499},
{"learn":[0.07008564926],"iteration":941,"passed_time":17.16918489,"remaining_time":1.057126034},
{"learn":[0.07005407936],"iteration":942,"passed_time":17.18810755,"remaining_time":1.038941814},
{"learn":[0.06988198998],"iteration":943,"passed_time":17.20829488,"remaining_time":1.020831052},
{"learn":[0.06982881928],"iteration":944,"passed_time":17.23077388,"remaining_time":1.002849273},
{"learn":[0.06962589926],"iteration":945,"passed_time":17.25135539,"remaining_time":0.9847496735},
{"learn":[0.06955567354],"iteration":946,"passed_time":17.26842625,"remaining_time":0.9664483543},
{"learn":[0.06945980492],"iteration":947,"passed_time":17.28593646,"remaining_time":0.9481737297},
{"learn":[0.06934831466],"iteration":948,"passed_time":17.30320862,"remaining_time":0.9298879236},
{"learn":[0.06930543419],"iteration":949,"passed_time":17.32097411,"remaining_time":0.9116302166},
{"learn":[0.06909602201],"iteration":950,"passed_time":17.34213012,"remaining_time":0.8935482397},
{"learn":[0.06899354837],"iteration":951,"passed_time":17.35981203,"remaining_time":0.8752846404},
{"learn":[0.0689360951],"iteration":952,"passed_time":17.3791794,"remaining_time":0.8571053847},
{"learn":[0.06888316348],"iteration":953,"passed_time":17.39887252,"remaining_time":0.8389393459},
{"learn":[0.06874182232],"iteration":954,"passed_time":17.41841369,"remaining_time":0.8207629487},
{"learn":[0.06871003675],"iteration":955,"passed_time":17.4375969,"remaining_time":0.8025672212},
{"learn":[0.06858102831],"iteration":956,"passed_time":17.45741088,"remaining_time":0.7843977723},
{"learn":[0.06854062135],"iteration":957,"passed_time":17.47717576,"remaining_time":0.7662227369},
{"learn":[0.06847336567],"iteration":958,"passed_time":17.49464494,"remaining_time":0.7479462384},
{"learn":[0.06840392197],"iteration":959,"passed_time":17.51200703,"remaining_time":0.7296669597},
{"learn":[0.06831100113],"iteration":960,"passed_time":17.53167645,"remaining_time":0.7114832274},
{"learn":[0.06827626528],"iteration":961,"passed_time":17.54848319,"remaining_time":0.6931833276},
{"learn":[0.06820475771],"iteration":962,"passed_time":17.57645497,"remaining_time":0.6753155076},
{"learn":[0.06810105644],"iteration":963,"passed_time":17.59954899,"remaining_time":0.6572445681},
{"learn":[0.06804871022],"iteration":964,"passed_time":17.61719185,"remaining_time":0.6389655074},
{"learn":[0.0679968734],"iteration":965,"passed_time":17.63697088,"remaining_time":0.6207629503},
{"learn":[0.06795531911],"iteration":966,"passed_time":17.65913203,"remaining_time":0.602638425},
{"learn":[0.06790133556],"iteration":967,"passed_time":17.68219601,"remaining_time":0.5845354053},
{"learn":[0.06789297048],"iteration":968,"passed_time":17.70488225,"remaining_time":0.5664100618},
{"learn":[0.06783082515],"iteration":969,"passed_time":17.72662107,"remaining_time":0.5482460125},
{"learn":[0.06776985569],"iteration":970,"passed_time":17.74770767,"remaining_time":0.530055121},
{"learn":[0.06772524378],"iteration":971,"passed_time":17.76730757,"remaining_time":0.5118154444},
{"learn":[0.06764206248],"iteration":972,"passed_time":17.78753896,"remaining_time":0.4935904952},
{"learn":[0.0675676],"iteration":973,"passed_time":17.80790565,"remaining_time":0.4753650379},
{"learn":[0.06750266646],"iteration":974,"passed_time":17.8263267,"remaining_time":0.4570853001},
{"learn":[0.06735261904],"iteration":975,"passed_time":17.84451903,"remaining_time":0.4387996482},
{"learn":[0.06727347778],"iteration":976,"passed_time":17.86362576,"remaining_time":0.420535714},
{"learn":[0.0672466405],"iteration":977,"passed_time":17.88181542,"remaining_time":0.4022494266},
{"learn":[0.06715068957],"iteration":978,"passed_time":17.90137886,"remaining_time":0.3839928051},
{"learn":[0.06711111951],"iteration":979,"passed_time":17.91919451,"remaining_time":0.3656978472},
{"learn":[0.06702680921],"iteration":980,"passed_time":17.9380383,"remaining_time":0.3474237794},
{"learn":[0.06694623429],"iteration":981,"passed_time":17.95681275,"remaining_time":0.3291472806},
{"learn":[0.06690182816],"iteration":982,"passed_time":17.97376338,"remaining_time":0.3108382273},
{"learn":[0.06686015481],"iteration":983,"passed_time":17.99173874,"remaining_time":0.2925485973},
{"learn":[0.06673038045],"iteration":984,"passed_time":18.01028993,"remaining_time":0.2742683745},
{"learn":[0.06663478649],"iteration":985,"passed_time":18.02819879,"remaining_time":0.2559784818},
{"learn":[0.06656957305],"iteration":986,"passed_time":18.0471656,"remaining_time":0.2377032957},
{"learn":[0.06646460165],"iteration":987,"passed_time":18.06721837,"remaining_time":0.2194398992},
{"learn":[0.06642540253],"iteration":988,"passed_time":18.09975459,"remaining_time":0.2013117295},
{"learn":[0.06637827571],"iteration":989,"passed_time":18.12699261,"remaining_time":0.1831009355},
{"learn":[0.06631730203],"iteration":990,"passed_time":18.14208106,"remaining_time":0.1647615838},
{"learn":[0.06616241913],"iteration":991,"passed_time":18.15995795,"remaining_time":0.1464512738},
{"learn":[0.06610048933],"iteration":992,"passed_time":18.18700509,"remaining_time":0.128206481},
{"learn":[0.06603968816],"iteration":993,"passed_time":18.20467481,"remaining_time":0.1098873731},
{"learn":[0.06594511785],"iteration":994,"passed_time":18.22464235,"remaining_time":0.09158111736},
{"learn":[0.06583141388],"iteration":995,"passed_time":18.2453498,"remaining_time":0.07327449718},
{"learn":[0.06578121891],"iteration":996,"passed_time":18.26377286,"remaining_time":0.05495618715},
{"learn":[0.06568084034],"iteration":997,"passed_time":18.28408625,"remaining_time":0.03664145541},
{"learn":[0.06561680127],"iteration":998,"passed_time":18.30434131,"remaining_time":0.01832266398},
{"learn":[0.06556984359],"iteration":999,"passed_time":18.3241637,"remaining_time":0}
]}